id,uuid,idea_id,prompt_type,title,prompt_text,negative_prompt,system_instruction,model_target,generation_type,aspect_ratio,duration_seconds,language,status,version,prompt_hash,created_at,updated_at,level,level_name,structure_type,reference_image_prompt_id
1,f901dc60-f714-443c-8c1c-253ca08d4dee,1,image_prompt,Rice Titan Harvester - Level 1 - BASIC (Image),"5-Layer Open Montage Structure

Layer 1 — Subject: A gigantic skyscraper-sized walking Rice Titan Harvester, a colossal humanoid agricultural machine standing above an endless flooded paddy field, two massive articulated harvesting arms sweeping through mature golden rice plants, industrial but believable mechanical design, enormous agricultural cutting claws.

Layer 2 — Environment: Vast Southeast Asian rice paddies stretching toward the horizon, reflective irrigation water, dense green and golden rice rows, distant rural villages, farmers and tiny agricultural vehicles emphasizing the titan's immense scale, humid morning atmosphere, low mist.

Layer 3 — Architecture: Heavy reinforced mechanical legs planted between rice paddies, armored central chassis, enormous belly-mounted automated threshing chamber, visible conveyor systems, grain separation drums, drying chambers, storage silos integrated into the torso, exposed hydraulic pistons and articulated joints.

Layer 4 — Energy/Physics: Subtle blue-white electrical arcs around joints, warm amber machinery glow inside the harvesting belly, realistic hydraulic pressure effects, dust and water displacement around the feet, faint electromagnetic field shimmer.

Layer 5 — Cinematic Presentation: Ultra-wide low-angle establishing shot, titan dominating the skyline, photorealistic cinematic lighting, realistic wet-surface reflections, atmospheric perspective, volumetric mist, intricate mechanical detail, cinematic depth of field, hyperreal materials, 16K render.",,,,image,,,,ready,1,,2026-08-11 15:45:12.798851,2026-08-11 15:45:12.798851,1,Level 1 - BASIC,5_layer_montage,
2,eda6f94c-e8eb-4e0f-9dd7-bb797616be06,1,video_prompt,Rice Titan Harvester - Level 1 - BASIC (Video 8s),"Use IMAGE 01 as the first frame and reference image. Exactly 8 seconds, photorealistic cinematic render, smooth continuous motion, no cuts.

Second 1 [0:00-0:01] — HUD Popup Text: ""STEP 1: SCAN THE CROP"" — Translucent consumer-",,,,video,,8.0,,ready,1,,2026-08-11 15:45:12.798851,2026-08-11 15:45:12.798851,1,Level 1 - BASIC,8s_5_step_hud_popup,1
3,d66d84e1-faaf-48b3-a811-bdf7c44529b3,1,image_prompt,Rice Titan Harvester - Level 2 - MORE STRUCTURE (Image),"5-Layer Open Montage Structure

Layer 1 — Subject: A more sophisticated skyscraper-sized Rice Titan Harvester with four articulated agricultural arms, reinforced harvesting claws, sensor towers, modular shoulders, and enormous mechanical legs capable of striding across multiple rice paddies simultaneously.

Layer 2 — Environment: Immense interconnected paddy terraces, irrigation channels, farm roads, palm trees, distant mountains, morning sunlight reflecting across flooded fields, hundreds of tiny workers and vehicles emphasizing colossal scale, atmospheric humidity.

Layer 3 — Architecture: Layered armored chassis, exposed structural trusses, multiple belly-mounted threshing modules, parallel conveyor belts, centrifugal grain separators, multi-stage dryers, grain elevators, enormous internal storage silos, service platforms, robotic maintenance arms.

Layer 4 — Energy/Physics: Bright cyan power conduits beneath translucent armor, synchronized hydraulic actuators, rotating electromagnetic separators, subtle magnetic grain-flow fields, glowing amber heat exchangers, realistic mechanical vibration and water displacement.

Layer 5 — Cinematic Presentation: Dramatic three-quarter aerial perspective combined with a low foreground viewpoint, strong sunrise rim lighting, photorealistic metal and composite materials, volumetric clouds, cinematic reflections, deep atmospheric perspective, extreme mechanical detail, 16K render.",,,,image,,,,ready,1,,2026-08-11 15:45:12.798851,2026-08-11 15:45:12.798851,2,Level 2 - MORE STRUCTURE,5_layer_montage,
4,4fa0f889-ae49-4e57-87b6-87eaab2265a1,1,video_prompt,Rice Titan Harvester - Level 2 - MORE STRUCTURE (Video 8s),"Use IMAGE 02 as the first frame and reference image. Exactly 8 seconds, photorealistic cinematic render, smooth continuous motion, no cuts.

Second 1 [0:00-0:01] — HUD Popup Text: ""STEP 1: MAP THE FIELD"" — Sensor towers project a translucent grid across multiple rice paddies while the titan calculates optimal harvesting lanes.

Second 2 [0:01-0:02] — HUD Popup Text: ""STEP 2: HARVEST IN PARALLEL"" — Four colossal arms sweep synchronized arcs through separate rice sections.

Second 3 [0:02-0:03] — HUD Popup Text: ""STEP 3: SEPARATE THE GRAIN"" — Multiple threshing drums activate simultaneously inside the belly.

Second 4 [0:03-0:04] — HUD Popup Text: ""STEP 4: PURIFY & DRY"" — Air jets and centrifugal separators remove chaff while warm drying chambers process the rice.

Second 5 [0:04-0:05] — HUD Popup Text: ""STEP 5: FILL STORAGE"" — Grain elevators rapidly distribute polished rice into several enormous torso silos.

Seconds 6-8 [0:05-0:08]: HUD fades; camera glides toward an extreme close-up of a grain elevator transferring rice into a storage silo while the titan's mechanisms operate smoothly and continuously, no cuts.",,,,video,,8.0,,ready,1,,2026-08-11 15:45:12.805874,2026-08-11 15:45:12.805874,2,Level 2 - MORE STRUCTURE,8s_5_step_hud_popup,3
5,ccb01589-0924-47d0-bdee-e943283f0ed4,1,image_prompt,Rice Titan Harvester - Level 3 - INDUSTRIAL COLOSSUS (Image),"5-Layer Open Montage Structure

Layer 1 — Subject: A mountain-like Rice Titan Harvester several skyscrapers tall, featuring six colossal articulated harvesting limbs, elongated mechanical fingers, rotating crop collectors, autonomous drone ports, and enormous walking legs spanning entire agricultural zones.

Layer 2 — Environment: An immense continental rice-growing region beneath dramatic storm clouds, thousands of paddies, irrigation canals, tiny villages, tractors, boats, and farmers appearing microscopic beside the machine, golden rice fields extending beyond the horizon.

Layer 3 — Architecture: Massive industrial torso built from layered armored plates and structural megatrusses, cathedral-sized belly processing complex, giant threshing cylinders, cyclone separators, industrial dryers, automated polishing lines, grain elevators, refrigerated storage vaults, robotic repair bays.

Layer 4 — Energy/Physics: High-voltage blue plasma conduits, electromagnetic grain accelerators, glowing heat-transfer systems, localized magnetic fields guiding grain streams, heavy hydraulic energy pulses, subtle ionized air around moving machinery.

Layer 5 — Cinematic Presentation: Extreme low-angle IMAX-style perspective, wide lens exaggerating the machine's scale, dramatic storm lighting, lightning illuminating its silhouette, rain droplets on metal surfaces, volumetric fog, photorealistic cinematic textures, enormous depth, 16K render.",,,,image,,,,ready,1,,2026-08-11 15:45:12.806125,2026-08-11 15:45:12.806125,3,Level 3 - INDUSTRIAL COLOSSUS,5_layer_montage,
6,b6aea8b3-3f89-412f-9c64-5accc7117498,1,video_prompt,Rice Titan Harvester - Level 3 - INDUSTRIAL COLOSSUS (Video 8s),"Use IMAGE 03 as the first frame and reference image. Exactly 8 seconds, photorealistic cinematic render, smooth continuous motion, no cuts.

Second 1 [0:00-0:01] — HUD Popup Text: ""STEP 1: DEPLOY HARVESTERS"" — Six giant harvesting limbs unfold from the titan's shoulders and sides.

Second 2 [0:01-0:02] — HUD Popup Text: ""STEP 2: COLLECT THE CROP"" — Rotating collectors gather enormous waves of rice and funnel them toward armored intake ports.

Second 3 [0:02-0:03] — HUD Popup Text: ""STEP 3: ACTIVATE THRESHERS"" — Huge internal cylinders accelerate, violently separating rice grains from stalks.

Second 4 [0:03-0:04] — HUD Popup Text: ""STEP 4: PURIFY THE GRAIN"" — Electromagnetic and cyclone separators strip away chaff and debris.

Second 5 [0:04-0:05] — HUD Popup Text: ""STEP 5: LOAD THE VAULTS"" — Massive grain elevators carry purified rice into deep storage chambers.

Seconds 6-8 [0:05-0:08]: HUD fades; camera dives smoothly into the belly architecture and ends in a maximum close-up of rotating threshing cylinders with individual rice grains visibly separating, no cuts.",,,,video,,8.0,,ready,1,,2026-08-11 15:45:12.806651,2026-08-11 15:45:12.806651,3,Level 3 - INDUSTRIAL COLOSSUS,8s_5_step_hud_popup,5
7,014cd033-7864-4e32-8a97-9ae28197afe3,1,image_prompt,Rice Titan Harvester - Level 4 - MEGACITY HARVESTER (Image),"5-Layer Open Montage Structure

Layer 1 — Subject: A city-sized Rice Titan Harvester with a colossal humanoid silhouette, twelve harvesting arms, enormous articulated fingers, rotating crop-harvesting rings, autonomous agricultural drones, and multiple sensor crowns.

Layer 2 — Environment: An entire delta transformed into a gigantic rice-production landscape, thousands of flooded paddies, rivers, villages, bridges, boats, farms, roads, and distant cities beneath a glowing sunset, the titan towering over everything.

Layer 3 — Architecture: Multi-level mechanical torso containing visible agricultural factories, enormous transparent processing chambers, stacked threshing halls, grain-cleaning towers, drying reactors, robotic maintenance decks, conveyor networks, storage reservoirs, and structural exoskeleton beams.

Layer 4 — Energy/Physics: Brilliant cyan and gold energy channels, electromagnetic grain-routing tunnels, controlled thermal fields, magnetic suspension of rice particles, glowing power cores beneath the chest armor, visible energy pulses synchronized with machine movement.

Layer 5 — Cinematic Presentation: Monumental wide-angle cinematic composition, camera positioned at field level with the titan disappearing into clouds, golden-hour volumetric light, reflective water, realistic atmospheric haze, highly detailed industrial surfaces, epic cinematic depth, 16K photorealistic render.",,,,image,,,,ready,1,,2026-08-11 15:45:12.806651,2026-08-11 15:45:12.806651,4,Level 4 - MEGACITY HARVESTER,5_layer_montage,
8,c9d7e55c-5450-4f6b-ae95-f75bf875b977,1,video_prompt,Rice Titan Harvester - Level 4 - MEGACITY HARVESTER (Video 8s),"Use IMAGE 04 as the first frame and reference image. Exactly 8 seconds, photorealistic cinematic render, smooth continuous motion, no cuts.

Second 1 [0:00-0:01] — HUD Popup Text: ""STEP 1: SYNCHRONIZE THE ARMS"" — Twelve harvesting arms illuminate and synchronize through glowing energy conduits.

Second 2 [0:01-0:02] — HUD Popup Text: ""STEP 2: SWEEP THE DELTA"" — The arms perform enormous coordinated harvesting sweeps across multiple fields.

Second 3 [0:02-0:03] — HUD Popup Text: ""STEP 3: ACCELERATE THRESHING"" — Internal threshing halls spin up as massive crop streams enter the belly.

Second 4 [0:03-0:04] — HUD Popup Text: ""STEP 4: MAGNETIC SORT"" — Glowing electromagnetic channels separate grains from chaff at extreme speed.

Second 5 [0:04-0:05] — HUD Popup Text: ""STEP 5: DISTRIBUTE & STORE"" — Robotic conveyors route rice into multiple enormous storage reservoirs.

Seconds 6-8 [0:05-0:08]: HUD fades; camera smoothly approaches the chest and transitions into an extreme close-up of a glowing magnetic grain-routing channel, operation stabilizing with continuous rice flow, no cuts.",,,,video,,8.0,,ready,1,,2026-08-11 15:45:12.806651,2026-08-11 15:45:12.806651,4,Level 4 - MEGACITY HARVESTER,8s_5_step_hud_popup,7
9,b88b7232-c23f-4af1-98f3-3c4164055f9f,1,image_prompt,Rice Titan Harvester - Level 5 - QUANTUM AGRICULTURAL TITAN (Image),"5-Layer Open Montage Structure

Layer 1 — Subject: An impossibly gigantic Rice Titan Harvester towering above entire agricultural provinces, equipped with twenty-four articulated harvesting arms, adaptive crop claws, autonomous drone swarms, multi-directional sensor arrays, and a monumental walking chassis.

Layer 2 — Environment: Vast rice plains extending across an entire geographic basin, interconnected rivers and irrigation networks, villages and cities appearing miniature, clouds wrapping around the titan's upper body, thousands of hectares of rice fields glowing beneath dawn light.

Layer 3 — Architecture: Gigantic modular torso containing vertically stacked threshing factories, quantum-scale grain separators, plasma-assisted dryers, robotic polishing chambers, automated packaging systems, immense grain reservoirs, internal rail networks, maintenance robots, and nested mechanical structures.

Layer 4 — Energy/Physics: Quantum-blue energy fields surrounding the machine, controlled magnetic levitation of grain particles, luminous particle streams, localized gravity manipulation around harvesting arms, plasma thermal loops, glowing quantum processing cores, subtle spatial distortion.

Layer 5 — Cinematic Presentation: Epic science-fiction agricultural documentary aesthetic, low-angle perspective from beneath the titan's feet, dramatic atmospheric clouds, photorealistic sunrise, cinematic lens flare, hyper-detailed machinery, realistic water and grain physics, deep volumetric lighting, 16K render.",,,,image,,,,ready,1,,2026-08-11 15:45:12.806651,2026-08-11 15:45:12.806651,5,Level 5 - QUANTUM AGRICULTURAL TITAN,5_layer_montage,
10,8671eb86-5181-4ca7-9adb-a432299dc0e2,1,video_prompt,Rice Titan Harvester - Level 5 - QUANTUM AGRICULTURAL TITAN (Video 8s),"Use IMAGE 05 as the first frame and reference image. Exactly 8 seconds, photorealistic cinematic render, smooth continuous motion, no cuts.

Second 1 [0:00-0:01] — HUD Popup Text: ""STEP 1: QUANTUM SCAN"" — A luminous scanning field sweeps across enormous agricultural regions and instantly identifies ripe rice.

Second 2 [0:01-0:02] — HUD Popup Text: ""STEP 2: MASS HARVEST"" — Twenty-four arms simultaneously gather rice from enormous areas with perfectly synchronized motion.

Second 3 [0:02-0:03] — HUD Popup Text: ""STEP 3: QUANTUM THRESH"" — Crop streams enter glowing processing chambers where quantum-assisted separators isolate grains.

Second 4 [0:03-0:04] — HUD Popup Text: ""STEP 4: GRAVITY DRY"" — Grains float inside controlled gravity chambers while thermal energy removes moisture.

Second 5 [0:04-0:05] — HUD Popup Text: ""STEP 5: COMPRESS STORAGE"" — Rice is compressed into dense modular storage reservoirs using controlled fields.

Seconds 6-8 [0:05-0:08]: HUD fades; camera moves continuously into the belly and reaches an extreme close-up of individual rice grains floating through a luminous quantum separator before settling into stable flow, no cuts.",,,,video,,8.0,,ready,1,,2026-08-11 15:45:12.808838,2026-08-11 15:45:12.808838,5,Level 5 - QUANTUM AGRICULTURAL TITAN,8s_5_step_hud_popup,9
11,5a596f24-ca39-4848-9fdd-2c215f7b52fc,1,image_prompt,Rice Titan Harvester - Level 6 - PLANETARY AGRICULTURAL ENGINE (Image),"5-Layer Open Montage Structure

Layer 1 — Subject: A planetary-scale Rice Titan Harvester whose legs cross entire regions, with dozens of continent-spanning harvesting arms, colossal articulated fingers, autonomous harvesting drones, rotating crop collection halos, and a torso resembling a mobile agricultural megacity.

Layer 2 — Environment: Vast planet-scale rice ecosystems visible toward the horizon, enormous river deltas, atmospheric clouds beneath the titan's upper structure, multiple agricultural zones being harvested simultaneously, distant mountains and weather systems emphasizing impossible scale.

Layer 3 — Architecture: Torso containing nested industrial megastructures, kilometer-scale threshing chambers, vertical drying towers, grain elevators larger than skyscrapers, rotating storage rings, automated repair colonies, enormous conveyor arteries, reinforced planetary walking joints.

Layer 4 — Energy/Physics: Powerful gravitational fields stabilize each step, gigantic magnetic fields control grain movement, blue-white plasma flows through the chassis, energy rings surround joints, localized weather effects form around heat exchangers, subtle spacetime lensing around the power core.

Layer 5 — Cinematic Presentation: Planetary-scale cinematic vista, camera extremely far away at first but still showing enormous mechanical detail, clouds wrapping around the machine, realistic atmospheric scattering, sunlight breaking through storm systems, photorealistic materials, colossal depth, 16K render.",,,,image,,,,ready,1,,2026-08-11 15:45:12.809365,2026-08-11 15:45:12.809365,6,Level 6 - PLANETARY AGRICULTURAL ENGINE,5_layer_montage,
12,a92fb657-9056-4e87-a4fe-7b87c136d810,1,video_prompt,Rice Titan Harvester - Level 6 - PLANETARY AGRICULTURAL ENGINE (Video 8s),"Use IMAGE 06 as the first frame and reference image. Exactly 8 seconds, photorealistic cinematic render, smooth continuous motion, no cuts.

Second 1 [0:00-0:01] — HUD Popup Text: ""STEP 1: STABILIZE GRAVITY"" — Gravitational rings activate around the titan's legs and stabilize the surrounding terrain.

Second 2 [0:01-0:02] — HUD Popup Text: ""STEP 2: HARVEST CONTINENTS"" — Gigantic harvesting arms sweep across multiple agricultural zones simultaneously.

Second 3 [0:02-0:03] — HUD Popup Text: ""STEP 3: PLANETARY THRESH"" — Vast crop streams disappear into kilometer-scale threshing chambers.

Second 4 [0:03-0:04] — HUD Popup Text: ""STEP 4: ATMOSPHERIC DRYING"" — Thermal towers activate and create controlled rising columns of warm air.

Second 5 [0:04-0:05] — HUD Popup Text: ""STEP 5: ORBITAL STORAGE"" — Clean rice travels through elevators into enormous rotating storage rings surrounding the torso.

Seconds 6-8 [0:05-0:08]: HUD fades; camera rapidly but smoothly approaches one glowing storage mechanism, ending in a maximum close-up of individual grains moving through a magnetic transfer gate, no cuts.",,,,video,,8.0,,ready,1,,2026-08-11 15:45:12.809365,2026-08-11 15:45:12.809365,6,Level 6 - PLANETARY AGRICULTURAL ENGINE,8s_5_step_hud_popup,11
13,e49be620-229c-4570-ac95-e742bfec94e9,1,image_prompt,Rice Titan Harvester - Level 7 - DIMENSIONAL HARVESTER (Image),"5-Layer Open Montage Structure

Layer 1 — Subject: A surreal planetary Rice Titan Harvester with hundreds of articulated harvesting limbs branching from its enormous chassis, morphing agricultural claws, autonomous micro-machines, gigantic sensor halos, and impossible mechanical proportions.

Layer 2 — Environment: Endless rice fields layered across multiple visible spatial planes, gigantic flooded terraces suspended at impossible angles, glowing clouds, distant planetary curvature, agricultural landscapes appearing to fold into one another.

Layer 3 — Architecture: Multi-dimensional belly factory with overlapping threshing chambers, rotating grain tunnels, self-reconfiguring conveyors, infinite-looking storage corridors, floating mechanical platforms, modular architecture continuously rearranging itself around the harvest.

Layer 4 — Energy/Physics: Intense quantum fields, luminous wormhole-like energy portals, gravity distortions, floating rice particles, magnetic arcs, glowing spatial fractures, blue-gold plasma streams, localized time-distortion effects around machinery.

Layer 5 — Cinematic Presentation: Monumental surreal science-fiction cinematography while retaining photorealistic physical textures, dramatic wide lens, impossible depth, volumetric clouds, intense rim lighting, cinematic contrast, realistic reflections, hyper-detailed machinery, 16K render.",,,,image,,,,ready,1,,2026-08-11 15:45:12.809365,2026-08-11 15:45:12.809365,7,Level 7 - DIMENSIONAL HARVESTER,5_layer_montage,
14,a02aa828-1e03-47b2-a586-f54f3c692bf1,1,video_prompt,Rice Titan Harvester - Level 7 - DIMENSIONAL HARVESTER (Video 8s),"Use IMAGE 07 as the first frame and reference image. Exactly 8 seconds, photorealistic cinematic render, smooth continuous motion, no cuts.

Second 1 [0:00-0:01] — HUD Popup Text: ""STEP 1: OPEN FIELD GATES"" — Dimensional portals unfold around the titan, connecting distant rice fields.

Second 2 [0:01-0:02] — HUD Popup Text: ""STEP 2: MULTI-FIELD HARVEST"" — Hundreds of limbs harvest crops across multiple spatially connected fields.

Second 3 [0:02-0:03] — HUD Popup Text: ""STEP 3: FOLD THE GRAIN"" — Harvested rice streams through glowing spatial tunnels into the belly.

Second 4 [0:03-0:04] — HUD Popup Text: ""STEP 4: PHASE DRYING"" — Rice particles briefly phase through multiple luminous drying chambers simultaneously.

Second 5 [0:04-0:05] — HUD Popup Text: ""STEP 5: INFINITE STORAGE"" — Clean grain streams vanish into seemingly endless dimensional storage chambers.

Seconds 6-8 [0:05-0:08]: HUD fades; camera dives through a spatial tunnel and arrives at an extreme close-up of a single rice grain passing through a glowing dimensional separator, then stabilizes into continuous motion, no cuts.",,,,video,,8.0,,ready,1,,2026-08-11 15:45:12.809365,2026-08-11 15:45:12.809365,7,Level 7 - DIMENSIONAL HARVESTER,8s_5_step_hud_popup,13
15,94e75349-5ecd-4a0f-8519-f771f4a3b05a,1,image_prompt,Rice Titan Harvester - Level 8 - CELESTIAL RICE TITAN (Image),"5-Layer Open Montage Structure

Layer 1 — Subject: A celestial-scale Rice Titan Harvester towering above the atmosphere, its colossal body surrounded by agricultural harvesting rings and thousands of autonomous arms, with planetary-scale crop collectors and an enormous humanoid silhouette visible against space.

Layer 2 — Environment: Curved planetary horizon covered in gigantic rice-growing regions, atmospheric clouds illuminated by sunlight, orbital agricultural platforms, massive floating irrigation systems, satellites and tiny spacecraft surrounding the titan.

Layer 3 — Architecture: Belly transformed into a gigantic orbital agricultural refinery, rotating threshing rings, zero-gravity grain processors, massive drying reactors, cylindrical storage megastructures, orbital conveyor networks, self-repairing mechanical architecture.

Layer 4 — Energy/Physics: Enormous blue-white energy rings, magnetic fields spanning the atmosphere, controlled gravitational wells, plasma conduits, quantum grain streams, aurora-like energy curtains, intense power core visible through transparent armor.

Layer 5 — Cinematic Presentation: Epic orbital cinematography, enormous scale contrast between titan and planet, photorealistic space lighting, realistic atmospheric glow, sunlit metal, deep black space, cinematic lens effects, volumetric energy, extreme detail, 16K render.",,,,image,,,,ready,1,,2026-08-11 15:45:12.811380,2026-08-11 15:45:12.811380,8,Level 8 - CELESTIAL RICE TITAN,5_layer_montage,
16,ad08d8e4-8147-4b41-89bd-9f9b0e9d808a,1,video_prompt,Rice Titan Harvester - Level 8 - CELESTIAL RICE TITAN (Video 8s),"Use IMAGE 08 as the first frame and reference image. Exactly 8 seconds, photorealistic cinematic render, smooth continuous motion, no cuts.

Second 1 [0:00-0:01] — HUD Popup Text: ""STEP 1: ORBITAL SCAN"" — Massive sensor rings scan the planet's rice-growing regions beneath the titan.

Second 2 [0:01-0:02] — HUD Popup Text: ""STEP 2: ATMOSPHERIC HARVEST"" — Gigantic harvesting systems collect crop material from multiple planetary regions.

Second 3 [0:02-0:03] — HUD Popup Text: ""STEP 3: ZERO-G THRESH"" — Harvested material enters rotating orbital threshing chambers.

Second 4 [0:03-0:04] — HUD Popup Text: ""STEP 4: PLASMA DRYING"" — Controlled plasma-heated chambers rapidly remove moisture from the separated grains.

Second 5 [0:04-0:05] — HUD Popup Text: ""STEP 5: CELESTIAL STORAGE"" — Grain flows through enormous orbital elevators into rotating storage rings.

Seconds 6-8 [0:05-0:08]: HUD fades; camera moves from the planet-scale view directly into the titan's processing belly, finishing at an extreme close-up of glowing rice grains circulating through a zero-gravity magnetic chamber, no cuts.",,,,video,,8.0,,ready,1,,2026-08-11 15:45:12.811643,2026-08-11 15:45:12.811643,8,Level 8 - CELESTIAL RICE TITAN,8s_5_step_hud_popup,15
17,267ee786-25c3-4d90-adab-ca647db24d50,1,image_prompt,Rice Titan Harvester - Level 9 - DIMENSIONAL SUPER-HARVESTER (Image),"5-Layer Open Montage Structure

Layer 1 — Subject: An incomprehensibly gigantic Rice Titan Harvester spanning planetary horizons, with countless articulated harvesting arms, self-replicating agricultural drones, continent-sized crop collectors, multiple humanoid mechanical bodies connected into one superstructure, and an enormous central intelligence core.

Layer 2 — Environment: Multiple planets and agricultural worlds visible in the distance, enormous rice continents below, artificial irrigation seas, orbital farms, planetary weather systems, moons and stars forming the background, surreal but photorealistic cosmic agricultural civilization.

Layer 3 — Architecture: Titan chassis transformed into a gigantic interdimensional factory, nested threshing megastructures, rotating Dyson-like processing rings, kilometer-long grain conduits, quantum storage vaults, self-reconfiguring machinery, dimensional elevator shafts, autonomous repair swarms.

Layer 4 — Energy/Physics: Reality-bending quantum fields, enormous gravitational lenses, luminous wormholes, magnetic rivers of rice, plasma storms around the power core, floating particles suspended in altered gravity, spacetime distortion visibly bending background stars.

Layer 5 — Cinematic Presentation: Extreme cosmic wide shot transitioning visually from planetary scale to microscopic mechanical detail, cinematic astrophotography aesthetics combined with photorealistic industrial design, dramatic star illumination, volumetric energy clouds, immense depth, 16K maximum-detail render.",,,,image,,,,ready,1,,2026-08-11 15:45:12.811643,2026-08-11 15:45:12.811643,9,Level 9 - DIMENSIONAL SUPER-HARVESTER,5_layer_montage,
18,40b0b2cd-d466-4872-b98d-aab2e24b0c91,1,video_prompt,Rice Titan Harvester - Level 9 - DIMENSIONAL SUPER-HARVESTER (Video 8s),"Use IMAGE 09 as the first frame and reference image. Exactly 8 seconds, photorealistic cinematic render, smooth continuous motion, no cuts.

Second 1 [0:00-0:01] — HUD Popup Text: ""STEP 1: SYNCHRONIZE WORLDS"" — The central intelligence activates synchronized harvesting networks across multiple planetary fields.

Second 2 [0:01-0:02] — HUD Popup Text: ""STEP 2: HARVEST AT SCALE"" — Countless mechanical arms and drones simultaneously collect rice across entire continents.

Second 3 [0:02-0:03] — HUD Popup Text: ""STEP 3: QUANTUM THRESH"" — Harvest streams enter wormhole-linked threshing megastructures.

Second 4 [0:03-0:04] — HUD Popup Text: ""STEP 4: PERFECT THE GRAIN"" — Quantum fields separate, dry, clean, and optimize every grain while suspended in luminous energy.

Second 5 [0:04-0:05] — HUD Popup Text: ""STEP 5: STORE ACROSS DIMENSIONS"" — Finished rice disappears through dimensional gates into vast storage spaces beyond conventional geometry.

Seconds 6-8 [0:05-0:08]: HUD fades; camera plunges through a wormhole into the titan's core and reaches a maximum close-up of a single grain traveling through a crystalline quantum processing channel, then stabilizes into perfectly smooth operation, no cuts.",,,,video,,8.0,,ready,1,,2026-08-11 15:45:12.811643,2026-08-11 15:45:12.811643,9,Level 9 - DIMENSIONAL SUPER-HARVESTER,8s_5_step_hud_popup,17
19,01b0927c-0a5d-4737-a46c-89a45295e7b1,1,image_prompt,Rice Titan Harvester - Level 10 - ALIEN LEVEL / MAXIMUM (Image),"5-Layer Open Montage Structure

Layer 1 — Subject: An utterly alien Rice Titan Harvester of impossible scale, larger than a planet, constructed as a living-mechanical agricultural intelligence with innumerable articulated harvesting limbs, continent-sized crop claws, biomechanical machine surfaces, floating auxiliary harvesters, colossal sensor halos, and a central consciousness core glowing inside its torso.

Layer 2 — Environment: Multiple planetary rice worlds arranged around the titan, enormous agricultural continents, artificial irrigation oceans, orbital farms, rings of harvested grain, moons, stars, nebulae, gravitationally distorted landscapes, entire civilizations appearing microscopic against the machine.

Layer 3 — Architecture: Impossible alien megastructure architecture containing nested planetary threshers, rotating dimensional processing spheres, gravitational grain elevators, living-machine conveyor networks, self-repairing biomechanical armor, infinite storage dimensions, orbital drying reactors, autonomous micro-machine ecosystems, and a colossal central belly factory resembling a miniature artificial universe.

Layer 4 — Energy/Physics: Extreme quantum and gravitational phenomena, miniature artificial suns powering the machine, wormholes connecting agricultural worlds, magnetic rivers carrying rice through space, localized time distortion, spatial folding, plasma oceans, luminous quantum foam, gravitational lensing bending stars around the titan, impossible energy fields surrounding every mechanical movement.

Layer 5 — Cinematic Presentation: Maximum-scale cinematic masterpiece, impossible low-angle cosmic perspective with the planet-sized titan dominating the frame, photorealistic alien-mechanical textures, realistic planetary atmospheres, stars distorted by gravity, volumetric plasma clouds, extreme HDR lighting, cinematic depth, microscopic grain detail simultaneously visible against cosmic scale, hyperreal 16K render.",,,,image,,,,ready,1,,2026-08-11 15:45:12.811643,2026-08-11 15:45:12.811643,10,Level 10 - ALIEN LEVEL / MAXIMUM,5_layer_montage,
20,78796139-02b1-44ed-9544-d33d3dadf874,1,video_prompt,Rice Titan Harvester - Level 10 - ALIEN LEVEL / MAXIMUM (Video 8s),"Use IMAGE 10 as the first frame and reference image. Exactly 8 seconds, photorealistic cinematic render, smooth continuous motion, no cuts, maximum cinematic realism.

Second 1 [0:00-0:01] — HUD Popup Text: ""STEP 1: AWAKEN THE TITAN"" — The alien agricultural intelligence activates, illuminating countless sensor halos and planetary-scale harvesting systems.

Second 2 [0:01-0:02] — HUD Popup Text: ""STEP 2: HARVEST REALITY"" — Innumerable colossal arms reach through folded space and gather rice from multiple worlds simultaneously.

Second 3 [0:02-0:03] — HUD Popup Text: ""STEP 3: TRANSDIMENSIONAL THRESH"" — Entire crop streams enter wormholes and emerge inside the titan's impossible belly factory.

Second 4 [0:03-0:04] — HUD Popup Text: ""STEP 4: QUANTUM PURIFICATION"" — Individual grains float through miniature artificial suns, gravitational separators, magnetic fields, and alien drying reactors.

Second 5 [0:04-0:05] — HUD Popup Text: ""STEP 5: STORE THE HARVEST UNIVERSE"" — Finished grains cascade into an infinite-dimensional storage chamber containing vast glowing reserves of rice.

Seconds 6-8 [0:05-0:08]: HUD text completely fades; the camera performs a continuous impossible-scale descent from the cosmic titan into its belly, through alien processing architecture, and finally reaches a maximum close-up of a single rice grain suspended beside a colossal quantum mechanism, with the surrounding machinery stabilizing into a mesmerizing continuous harvesting rhythm, no cuts, no scene transition, exactly 8 seconds.",,,,video,,8.0,,ready,1,,2026-08-11 15:45:12.811643,2026-08-11 15:45:12.811643,10,Level 10 - ALIEN LEVEL / MAXIMUM,8s_5_step_hud_popup,19
21,9ce8b04e-ff0c-4733-995c-042950d7995d,2,image_prompt,The Paddy Ocean Vacuum - Level 1 - BASIC (Image),"Layer 1 — Subject: A colossal skyscraper-sized walking rice harvester, towering above a vast Southeast Asian paddy field, four enormous articulated harvesting arms reaching down toward mature golden rice, massive mechanical legs designed to step carefully between rice paddies, industrial agricultural-machine aesthetic.

Layer 2 — Environment: Endless emerald-green and golden rice fields stretching toward the horizon, narrow irrigation channels, distant village silhouettes, humid morning atmosphere, soft mist hovering above the paddies, birds scattering around the machine.

Layer 3 — Architecture: Heavy armored mechanical chassis, gigantic reinforced legs, hydraulic joints, articulated harvesting claws, visible conveyor systems, enormous central belly containing a recognizable automated threshing chamber, grain-processing machinery, drying ducts, and internal storage silos.

Layer 4 — Energy/Physics: Subtle blue-white electrical arcs around hydraulic joints, faint amber power conduits beneath armored panels, realistic heat shimmer around exhaust vents, physically plausible mechanical forces and weight interacting with wet soil.

Layer 5 — Cinematic Presentation: Ultra-wide low-angle establishing shot emphasizing impossible scale, photorealistic cinematic lighting, volumetric sunrise rays, realistic metal reflections, atmospheric perspective, cinematic depth of field, highly detailed surfaces, 16k render.",,,,image,16:9,,,ready,1,,2026-08-14 18:43:00.773218,2026-08-14 18:43:00.773218,1,Level 1 - BASIC,5_layer_montage,
22,420c8690-43b0-497a-bfb9-571623a6f7c1,2,video_prompt,The Paddy Ocean Vacuum - Level 1 - BASIC (Video 8s),,,,,video,,8.0,,ready,1,,2026-08-14 18:43:00.798216,2026-08-14 18:43:00.798216,1,Level 1 - BASIC,8s_5_step_hud_popup,21
23,22189f3d-f06d-4945-888e-0d398dd01c0f,2,image_prompt,The Paddy Ocean Vacuum - Level 2 - MORE STRUCTURE (Image),"Layer 1 — Subject: A skyscraper-sized Rice Titan Harvester with a more sophisticated humanoid-agricultural silhouette, six articulated harvesting arms operating across multiple rice terraces, immense legs standing above entire field sections, visibly autonomous and engineered for precision agriculture.

Layer 2 — Environment: Vast interconnected paddy fields with reflective irrigation water, farmers and small tractors appearing microscopic beside the machine, tropical clouds, distant hills, morning haze, rice plants bending under the titan's generated airflow.

Layer 3 — Architecture: Multi-layer armored chassis, exposed hydraulic pistons, modular harvesting arms, synchronized cutting heads, internal conveyor network, giant transparent inspection windows revealing threshing drums, grain elevators, dryers, filtration systems, and segmented storage chambers.

Layer 4 — Energy/Physics: Pulsing cyan power conduits synchronized across the chassis, localized electromagnetic fields around harvesting heads, subtle blue energy halos at articulated joints, realistic dust, water displacement, vibration, and mechanical stress.

Layer 5 — Cinematic Presentation: Epic three-quarter aerial perspective showing the entire titan and the geometric field pattern beneath it, dramatic late-morning sunlight, photorealistic materials, volumetric atmosphere, realistic reflections, cinematic depth, extreme micro-detail, 16k render.",,,,image,16:9,,,ready,1,,2026-08-14 18:43:00.807218,2026-08-14 18:43:00.807218,2,Level 2 - MORE STRUCTURE,5_layer_montage,
24,3f0e8354-535d-42a9-b334-03e4870e0239,2,video_prompt,The Paddy Ocean Vacuum - Level 2 - MORE STRUCTURE (Video 8s),,,,,video,,8.0,,ready,1,,2026-08-14 18:43:00.820219,2026-08-14 18:43:00.820219,2,Level 2 - MORE STRUCTURE,8s_5_step_hud_popup,23
25,b80ac263-1926-4647-997e-9e79e4526245,2,image_prompt,The Paddy Ocean Vacuum - Level 3 - INDUSTRIAL COLOSSUS (Image),"Layer 1 — Subject: An enormous industrial Rice Titan Harvester several hundred meters tall, possessing eight independently articulated harvesting arms, four reinforced walking legs, a broad agricultural-processing torso, and a commanding machine silhouette dominating the horizon.

Layer 2 — Environment: An immense rice-growing region composed of thousands of flooded paddies, irrigation reservoirs, farm roads, tiny villages, distant mountains, atmospheric haze, storm clouds gathering beyond the horizon, rice plants rippling in waves.

Layer 3 — Architecture: Gigantic layered exoskeleton with structural trusses, armored shoulder assemblies, hydraulic towers, interchangeable harvesting modules, internal elevators, industrial threshing cylinders, centrifugal separators, thermal dryers, grain-cleaning chambers, and enormous storage vaults visible through service apertures.

Layer 4 — Energy/Physics: High-output reactor-like power core glowing amber beneath the belly, cyan electromagnetic routing around the limbs, controlled magnetic fields stabilizing heavy components, visible pressure waves through mist and water, realistic gravitational strain on the terrain.

Layer 5 — Cinematic Presentation: Ground-level cinematic perspective with the titan framed against enormous storm clouds, dramatic rim lighting, wet reflective metal, volumetric fog, physically accurate shadows, immense scale cues, cinematic depth of field, photorealistic 16k render.",,,,image,16:9,,,ready,1,,2026-08-14 18:43:00.831803,2026-08-14 18:43:00.831803,3,Level 3 - INDUSTRIAL COLOSSUS,5_layer_montage,
26,084e8c67-3d56-44d2-87dd-e71e538a5b32,2,video_prompt,The Paddy Ocean Vacuum - Level 3 - INDUSTRIAL COLOSSUS (Video 8s),,,,,video,,8.0,,ready,1,,2026-08-14 18:43:00.848652,2026-08-14 18:43:00.849597,3,Level 3 - INDUSTRIAL COLOSSUS,8s_5_step_hud_popup,25
27,23dab55f-363e-473e-b213-2c137929448b,2,image_prompt,The Paddy Ocean Vacuum - Level 4 - MEGA-AGRICULTURAL MACHINE (Image),"Layer 1 — Subject: A mountain-scale Rice Titan Harvester with twelve articulated harvesting limbs, massive stabilizing legs, autonomous agricultural drones orbiting its shoulders, and a central body resembling a mobile vertical agricultural factory.

Layer 2 — Environment: A gigantic paddy ecosystem extending beyond the horizon, layered rice terraces, canals, reservoirs, farm settlements, monsoon clouds, tropical sunlight breaking through clouds, microscopic agricultural vehicles moving around the titan.

Layer 3 — Architecture: Vast mechanical skeleton reinforced by triangular trusses, rotating shoulder rings, modular harvesting pods, internal crop elevators, multi-stage threshers, cyclone separators, fluid-bed dryers, grain-polishing chambers, robotic maintenance bays, and enormous sealed storage reservoirs.

Layer 4 — Energy/Physics: Bright turquoise electromagnetic pathways connect the limbs, amber reactor energy pulses through the torso, harvesting heads generate localized magnetic fields, subtle ionized mist surrounds high-power machinery, realistic heat plumes and electromagnetic glow.

Layer 5 — Cinematic Presentation: Epic aerial-oblique composition revealing the titan's relationship to an entire agricultural region, cinematic cloudscape, strong sunbeams, atmospheric depth, wet-field reflections, physically accurate materials, photorealistic lighting, extreme detail, 16k render.",,,,image,16:9,,,ready,1,,2026-08-14 18:43:00.863603,2026-08-14 18:43:00.863603,4,Level 4 - MEGA-AGRICULTURAL MACHINE,5_layer_montage,
28,be323549-95c0-44f2-bb30-2c871aa5526f,2,video_prompt,The Paddy Ocean Vacuum - Level 4 - MEGA-AGRICULTURAL MACHINE (Video 8s),,,,,video,,8.0,,ready,1,,2026-08-14 18:43:00.879198,2026-08-14 18:43:00.879198,4,Level 4 - MEGA-AGRICULTURAL MACHINE,8s_5_step_hud_popup,27
29,408e61f6-4dd4-4969-b2d9-fce0f4beff46,2,image_prompt,The Paddy Ocean Vacuum - Level 5 - TITAN FACTORY (Image),"Layer 1 — Subject: A gigantic autonomous Rice Titan Harvester resembling a walking agricultural megafactory, hundreds of meters tall, with sixteen articulated arms, specialized rice-cutting claws, robotic inspection units, and a glowing central processing core.

Layer 2 — Environment: An enormous continental-scale rice basin under dramatic monsoon skies, countless flooded fields reflecting the titan, irrigation networks forming geometric patterns, tiny communities and roads emphasizing the machine's impossible scale, mist and rain drifting through the scene.

Layer 3 — Architecture: Multi-kilometer visual complexity packed into a colossal mechanical chassis, layered armor, exposed structural girders, rotating processing towers, autonomous conveyor arteries, industrial threshers, vacuum grain separators, molecular drying chambers, automated quality-control laboratories, and gigantic storage silos.

Layer 4 — Energy/Physics: A brilliant contained fusion-like agricultural power core, concentric electromagnetic fields surrounding the torso, quantum-inspired sensor lattices, cyan and gold energy streams, localized gravity compensation around heavy machinery, realistic rain reacting to heat and electromagnetic fields.

Layer 5 — Cinematic Presentation: Monumental low-angle shot beneath rain clouds, titan illuminated by lightning and warm internal machinery, wet surfaces, dramatic volumetric light, cinematic reflections, realistic atmospheric scattering, deep focus scale composition, photorealistic 16k render.",,,,image,16:9,,,ready,1,,2026-08-14 18:43:00.892204,2026-08-14 18:43:00.892204,5,Level 5 - TITAN FACTORY,5_layer_montage,
30,f14a9927-3359-4aa1-8b45-c87708528f92,2,video_prompt,The Paddy Ocean Vacuum - Level 5 - TITAN FACTORY (Video 8s),,,,,video,,8.0,,ready,1,,2026-08-14 18:43:00.907322,2026-08-14 18:43:00.907322,5,Level 5 - TITAN FACTORY,8s_5_step_hud_popup,29
31,00c9092d-1ca2-4b75-9f38-5044135fd781,2,image_prompt,The Paddy Ocean Vacuum - Level 6 - PLANETARY HARVESTER (Image),"Layer 1 — Subject: A city-sized walking Rice Titan Harvester whose torso resembles a vertical agricultural metropolis, equipped with dozens of colossal articulated harvesting limbs, autonomous maintenance drones, and distributed harvesting systems capable of processing vast paddy regions simultaneously.

Layer 2 — Environment: A breathtaking planetary agricultural landscape of endless rice plains, enormous river deltas, reservoirs, distant megacities, mountain ranges, atmospheric haze, tropical weather systems, and thousands of tiny farming vehicles beneath the titan.

Layer 3 — Architecture: Monumental biomechanical-industrial chassis with layered structural rings, enormous walking columns, rotating agricultural hubs, internal conveyor highways, industrial threshing reactors, cryogenic and thermal drying systems, AI quality-control chambers, robotic repair corridors, and vertically stacked grain-storage megastructures.

Layer 4 — Energy/Physics: Multiple contained energy cores linked by luminous quantum-energy conduits, translucent electromagnetic shells around major joints, gravitational stabilization fields, plasma-like energy circulating through transparent channels, subtle distortions of rain and atmosphere around high-energy systems.

Layer 5 — Cinematic Presentation: Vast orbital-like aerial perspective while remaining close enough to reveal mechanical detail, dramatic planetary curvature suggested through atmospheric scale, golden sunlight, immense cloud shadows, cinematic volumetric lighting, physically realistic materials, hyper-detailed photorealism, 16k render.",,,,image,16:9,,,ready,1,,2026-08-14 18:43:00.917849,2026-08-14 18:43:00.917849,6,Level 6 - PLANETARY HARVESTER,5_layer_montage,
32,a9d0a529-ca57-4c7a-bd0f-315c860f00a9,2,video_prompt,The Paddy Ocean Vacuum - Level 6 - PLANETARY HARVESTER (Video 8s),,,,,video,,8.0,,ready,1,,2026-08-14 18:43:00.927933,2026-08-14 18:43:00.927933,6,Level 6 - PLANETARY HARVESTER,8s_5_step_hud_popup,31
33,33c0dd0c-8365-486a-b760-d78b0e86db8b,2,image_prompt,The Paddy Ocean Vacuum - Level 7 - POST-HUMAN AGRICULTURAL TITAN (Image),"Layer 1 — Subject: A surreal post-human Rice Titan Harvester standing kilometers above the landscape, with dozens of independently intelligent articulated limbs, elegant skeletal machinery, autonomous micro-harvester swarms, and a central body functioning as an entirely self-governing agricultural civilization.

Layer 2 — Environment: Vast rice continents beneath an immense sunset, atmospheric rivers, glowing irrigation networks, floating mist, distant settlements, enormous storms on the horizon, microscopic humans and machines providing scale.

Layer 3 — Architecture: Hyper-advanced mechanical architecture combining exposed megastructures with seamless adaptive armor, fractal harvesting mechanisms, self-reconfiguring conveyors, gravitational grain elevators, multi-dimensional-looking threshing chambers, atmospheric drying towers, autonomous storage vaults, and self-repairing structural components.

Layer 4 — Energy/Physics: Luminous quantum fields wrap the titan in layered translucent geometry, artificial gravity wells stabilize every footstep, energy filaments behave like intelligent neural networks, harvesting heads create localized time-slowing visual distortions, particles bend subtly around the machine.

Layer 5 — Cinematic Presentation: Heroic wide-angle shot at dusk with the titan silhouetted against a colossal glowing sky, volumetric sunset, atmospheric particles, intricate reflections, cinematic bokeh, realistic scale distortion, photorealistic impossible engineering, 16k render.",,,,image,16:9,,,ready,1,,2026-08-14 18:43:00.938926,2026-08-14 18:43:00.938926,7,Level 7 - POST-HUMAN AGRICULTURAL TITAN,5_layer_montage,
34,0d19ee29-ba35-4620-85db-302f642f5bc4,2,video_prompt,The Paddy Ocean Vacuum - Level 7 - POST-HUMAN AGRICULTURAL TITAN (Video 8s),,,,,video,,8.0,,ready,1,,2026-08-14 18:43:00.950193,2026-08-14 18:43:00.950193,7,Level 7 - POST-HUMAN AGRICULTURAL TITAN,8s_5_step_hud_popup,33
35,4e966beb-8410-4509-9d85-1bc2144c1312,2,image_prompt,The Paddy Ocean Vacuum - Level 8 - DIMENSIONAL AGRICULTURAL ENGINE (Image),"Layer 1 — Subject: An incomprehensibly gigantic Rice Titan Harvester whose physical form appears to extend beyond conventional dimensions, featuring hundreds of articulated harvesting arms, floating agricultural modules, and a central walking chassis whose scale dwarfs entire regions.

Layer 2 — Environment: A surreal planetary rice landscape with endless terraced paddies, enormous rivers, atmospheric clouds below portions of the machine, distant mountains partially obscured by its body, glowing agricultural ecosystems stretching beyond the horizon.

Layer 3 — Architecture: Non-Euclidean mechanical architecture, nested rotating chassis rings, impossible conveyor loops, floating threshing chambers, enormous grain-storage dimensions hidden inside the torso, adaptive mechanical limbs, self-assembling harvesting tools, and colossal structural components apparently larger internally than externally.

Layer 4 — Energy/Physics: Brilliant quantum fields, gravitational lensing, miniature artificial stars inside power chambers, luminous spacetime distortions, magnetic harvesting vortices, controlled energy singularities, glowing particles following impossible trajectories while remaining visually coherent and cinematic.

Layer 5 — Cinematic Presentation: Extreme wide cinematic composition with dramatic perspective distortion, camera positioned within the rice fields looking toward the titan disappearing into the clouds, intense volumetric lighting, photorealistic textures, atmospheric depth, physically convincing impossible physics, 16k render.",,,,image,16:9,,,ready,1,,2026-08-14 18:43:00.959190,2026-08-14 18:43:00.959190,8,Level 8 - DIMENSIONAL AGRICULTURAL ENGINE,5_layer_montage,
36,ccf35e2d-10ac-44e5-b6e2-5e7ab17de571,2,video_prompt,The Paddy Ocean Vacuum - Level 8 - DIMENSIONAL AGRICULTURAL ENGINE (Video 8s),,,,,video,,8.0,,ready,1,,2026-08-14 18:43:00.976521,2026-08-14 18:43:00.976521,8,Level 8 - DIMENSIONAL AGRICULTURAL ENGINE,8s_5_step_hud_popup,35
37,d7ebd8c4-e348-46bc-b268-0966e12ff962,2,image_prompt,The Paddy Ocean Vacuum - Level 9 - COSMIC RICE TITAN (Image),"Layer 1 — Subject: A continent-sized cosmic Rice Titan Harvester walking across a planetary rice super-basin, its colossal body resembling a fusion of agricultural megastructure, ancient titan, and futuristic autonomous machine, with hundreds of harvesting limbs extending like metallic roots.

Layer 2 — Environment: An entire planet covered in luminous rice ecosystems, enormous continents of paddies, glowing rivers, atmospheric auroras, massive storms, distant moons visible through the sky, miniature settlements beneath the machine, clouds wrapping around its upper structure.

Layer 3 — Architecture: Planet-scale mechanical architecture featuring cathedral-sized threshing chambers, orbital grain elevators, kilometer-long harvesting arms, self-replicating conveyor systems, gravitational storage vaults, rotating planetary-scale dryers, autonomous repair swarms, and immense internal agricultural infrastructure.

Layer 4 — Energy/Physics: Multiple artificial suns contained within the torso, gravitational wave generators, quantum harvesting fields, magnetic storms, luminous spacetime grids, controlled plasma rivers, gravity manipulation beneath each footstep, cosmic-scale energy interacting with clouds and atmosphere.

Layer 5 — Cinematic Presentation: Monumental cinematic shot from extremely low altitude, looking upward as the titan disappears into the atmosphere, stars and auroras visible beyond it, dramatic rim lighting, realistic atmospheric scattering, physically convincing gigantic scale, spectacular cinematic depth, hyper-photorealistic 16k render.",,,,image,16:9,,,ready,1,,2026-08-14 18:43:00.994205,2026-08-14 18:43:00.994205,9,Level 9 - COSMIC RICE TITAN,5_layer_montage,
38,b64a77e7-7592-4f1a-b31c-9e4b444202a7,2,video_prompt,The Paddy Ocean Vacuum - Level 9 - COSMIC RICE TITAN (Video 8s),,,,,video,,8.0,,ready,1,,2026-08-14 18:43:01.010082,2026-08-14 18:43:01.010082,9,Level 9 - COSMIC RICE TITAN,8s_5_step_hud_popup,37
39,63fdeab0-3e99-4799-a09e-d38955ec7fcf,2,image_prompt,The Paddy Ocean Vacuum - Level 10 - ALIEN LEVEL / MAXIMUM (Image),"Layer 1 — Subject: An impossibly colossal alien Rice Titan Harvester, vastly larger than a continent, standing across an entire planetary rice world, its architecture simultaneously mechanical, crystalline, biomechanical, and extraterrestrial, with innumerable articulated harvesting limbs extending beyond the horizon, intelligent harvesting entities moving across its body, and a central agricultural intelligence core resembling a miniature universe.

Layer 2 — Environment: An alien rice planet covered by endless luminous paddy oceans, colossal terraces spanning continents, bioluminescent rice plants, floating irrigation rivers, gigantic atmospheric storms, multiple moons, auroras, alien mountains, microscopic settlements, and vast clouds wrapping around the titan's upper structures.

Layer 3 — Architecture: Transcendent alien-industrial chassis composed of impossible self-assembling materials, crystalline structural bones, biomechanical armor, kilometer-scale articulated limbs, living conveyor networks, reality-bending threshing chambers, quantum grain separators, stellar drying engines, planet-sized storage vaults, autonomous repair organisms, and internal spaces vastly larger than the exterior geometry permits.

Layer 4 — Energy/Physics: Multiple miniature stars and artificial black-hole-like energy cores contained safely inside the torso, enormous quantum fields, gravitational lattices, magnetic vortex harvesting systems, luminous spacetime fractures, exotic particle streams, localized dimensional portals, controlled gravity waves, aurora-like energy surrounding every mechanical movement, while maintaining coherent physically cinematic visual logic.

Layer 5 — Cinematic Presentation: Ultimate maximum-scale cinematic composition from within a rice field looking toward the alien titan as it rises beyond the atmosphere and seemingly into space, multiple moons behind its silhouette, enormous energy structures glowing through clouds, hyper-realistic materials, volumetric cosmic lighting, atmospheric scattering, extreme cinematic depth, breathtaking scale, photorealistic impossible technology, ultra-detailed 16k render.",,,,image,16:9,,,ready,1,,2026-08-14 18:43:01.024082,2026-08-14 18:43:01.024082,10,Level 10 - ALIEN LEVEL / MAXIMUM,5_layer_montage,
40,6e5b1613-5aea-4df0-976f-97590b608601,2,video_prompt,The Paddy Ocean Vacuum - Level 10 - ALIEN LEVEL / MAXIMUM (Video 8s),,,,,video,,8.0,,ready,1,,2026-08-14 18:43:01.039541,2026-08-14 18:43:01.039541,10,Level 10 - ALIEN LEVEL / MAXIMUM,8s_5_step_hud_popup,39
41,734e7f2a-38d5-48fe-909b-72e07f23e051,11,image_prompt,Colossal Wheat Combine Titan - Level 1 - BASIC (Image),Layer 1: Core Colossal Wheat Combine Titan titan subject. Layer 2: Wheat Field environment. Layer 3: Titanic chassis architecture. Layer 4: Quantum energy field glows. Layer 5: 16k photorealistic cinematic camera framing.,,,,image,16:9,,,ready,1,,2026-08-16 14:56:19.586802,2026-08-16 14:56:19.586802,1,Level 1 - BASIC,5_layer_montage,
42,c1e43bd1-945d-4a50-92a9-b538ceb473c6,11,video_prompt,Colossal Wheat Combine Titan - Level 1 - BASIC (Video 8s),STEP 1: Core Startup | STEP 2: Harvester Deployment | STEP 3: Intake Acceleration | STEP 4: Processing Wave | STEP 5: Full Output Stabilization. Camera smoothly pans across Colossal Wheat Combine Titan for 8 seconds.,,,,video,,8.0,,ready,1,,2026-08-16 14:56:19.614795,2026-08-16 14:56:19.614795,1,Level 1 - BASIC,8s_5_step_hud_popup,41
43,cf54a575-67c1-4d88-ad79-cfb4bc0468fa,11,image_prompt,Colossal Wheat Combine Titan - Level 2 - LEVEL 2 ESCALATION (Image),Layer 1: Core Colossal Wheat Combine Titan titan subject. Layer 2: Wheat Field environment. Layer 3: Titanic chassis architecture. Layer 4: Quantum energy field glows. Layer 5: 16k photorealistic cinematic camera framing.,,,,image,16:9,,,ready,1,,2026-08-16 14:56:19.625795,2026-08-16 14:56:19.626797,2,Level 2 - LEVEL 2 ESCALATION,5_layer_montage,
44,da3fcef4-92bb-4e6a-b135-2ec42da39cfa,11,video_prompt,Colossal Wheat Combine Titan - Level 2 - LEVEL 2 ESCALATION (Video 8s),STEP 1: Core Startup | STEP 2: Harvester Deployment | STEP 3: Intake Acceleration | STEP 4: Processing Wave | STEP 5: Full Output Stabilization. Camera smoothly pans across Colossal Wheat Combine Titan for 8 seconds.,,,,video,,8.0,,ready,1,,2026-08-16 14:56:19.636831,2026-08-16 14:56:19.636831,2,Level 2 - LEVEL 2 ESCALATION,8s_5_step_hud_popup,43
45,65142b12-ca6c-4c6b-a9dd-8098fa907f35,11,image_prompt,Colossal Wheat Combine Titan - Level 3 - LEVEL 3 ESCALATION (Image),Layer 1: Core Colossal Wheat Combine Titan titan subject. Layer 2: Wheat Field environment. Layer 3: Titanic chassis architecture. Layer 4: Quantum energy field glows. Layer 5: 16k photorealistic cinematic camera framing.,,,,image,16:9,,,ready,1,,2026-08-16 14:56:19.647832,2026-08-16 14:56:19.647832,3,Level 3 - LEVEL 3 ESCALATION,5_layer_montage,
46,ba181f95-5a4f-4e40-b3e7-202bf49a7e10,11,video_prompt,Colossal Wheat Combine Titan - Level 3 - LEVEL 3 ESCALATION (Video 8s),STEP 1: Core Startup | STEP 2: Harvester Deployment | STEP 3: Intake Acceleration | STEP 4: Processing Wave | STEP 5: Full Output Stabilization. Camera smoothly pans across Colossal Wheat Combine Titan for 8 seconds.,,,,video,,8.0,,ready,1,,2026-08-16 14:56:19.672834,2026-08-16 14:56:19.672834,3,Level 3 - LEVEL 3 ESCALATION,8s_5_step_hud_popup,45
47,c6626bd6-de47-4869-bf24-c9a5388a7a0d,11,image_prompt,Colossal Wheat Combine Titan - Level 4 - LEVEL 4 ESCALATION (Image),Layer 1: Core Colossal Wheat Combine Titan titan subject. Layer 2: Wheat Field environment. Layer 3: Titanic chassis architecture. Layer 4: Quantum energy field glows. Layer 5: 16k photorealistic cinematic camera framing.,,,,image,16:9,,,ready,1,,2026-08-16 14:56:19.695831,2026-08-16 14:56:19.695831,4,Level 4 - LEVEL 4 ESCALATION,5_layer_montage,
48,44b1e9cc-ada9-4792-8cd3-609b2a277e80,11,video_prompt,Colossal Wheat Combine Titan - Level 4 - LEVEL 4 ESCALATION (Video 8s),STEP 1: Core Startup | STEP 2: Harvester Deployment | STEP 3: Intake Acceleration | STEP 4: Processing Wave | STEP 5: Full Output Stabilization. Camera smoothly pans across Colossal Wheat Combine Titan for 8 seconds.,,,,video,,8.0,,ready,1,,2026-08-16 14:56:19.740829,2026-08-16 14:56:19.740829,4,Level 4 - LEVEL 4 ESCALATION,8s_5_step_hud_popup,47
49,9425aa7f-760c-4f37-9dd5-0dd6e26e82d9,11,image_prompt,Colossal Wheat Combine Titan - Level 5 - LEVEL 5 ESCALATION (Image),Layer 1: Core Colossal Wheat Combine Titan titan subject. Layer 2: Wheat Field environment. Layer 3: Titanic chassis architecture. Layer 4: Quantum energy field glows. Layer 5: 16k photorealistic cinematic camera framing.,,,,image,16:9,,,ready,1,,2026-08-16 14:56:19.755826,2026-08-16 14:56:19.755826,5,Level 5 - LEVEL 5 ESCALATION,5_layer_montage,
50,f3966feb-65ac-4706-bf47-c0ba119657af,11,video_prompt,Colossal Wheat Combine Titan - Level 5 - LEVEL 5 ESCALATION (Video 8s),STEP 1: Core Startup | STEP 2: Harvester Deployment | STEP 3: Intake Acceleration | STEP 4: Processing Wave | STEP 5: Full Output Stabilization. Camera smoothly pans across Colossal Wheat Combine Titan for 8 seconds.,,,,video,,8.0,,ready,1,,2026-08-16 14:56:19.769827,2026-08-16 14:56:19.769827,5,Level 5 - LEVEL 5 ESCALATION,8s_5_step_hud_popup,49
51,700abce3-48fa-4377-a1ee-ed74999c9ac2,11,image_prompt,Colossal Wheat Combine Titan - Level 6 - LEVEL 6 ESCALATION (Image),Layer 1: Core Colossal Wheat Combine Titan titan subject. Layer 2: Wheat Field environment. Layer 3: Titanic chassis architecture. Layer 4: Quantum energy field glows. Layer 5: 16k photorealistic cinematic camera framing.,,,,image,16:9,,,ready,1,,2026-08-16 14:56:19.789829,2026-08-16 14:56:19.789829,6,Level 6 - LEVEL 6 ESCALATION,5_layer_montage,
52,e030d775-d26c-4c79-9e57-10a6d91ffefe,11,video_prompt,Colossal Wheat Combine Titan - Level 6 - LEVEL 6 ESCALATION (Video 8s),STEP 1: Core Startup | STEP 2: Harvester Deployment | STEP 3: Intake Acceleration | STEP 4: Processing Wave | STEP 5: Full Output Stabilization. Camera smoothly pans across Colossal Wheat Combine Titan for 8 seconds.,,,,video,,8.0,,ready,1,,2026-08-16 14:56:19.801827,2026-08-16 14:56:19.801827,6,Level 6 - LEVEL 6 ESCALATION,8s_5_step_hud_popup,51
53,4982d11e-7378-4cb6-9c79-a090bb0004a5,11,image_prompt,Colossal Wheat Combine Titan - Level 7 - LEVEL 7 ESCALATION (Image),Layer 1: Core Colossal Wheat Combine Titan titan subject. Layer 2: Wheat Field environment. Layer 3: Titanic chassis architecture. Layer 4: Quantum energy field glows. Layer 5: 16k photorealistic cinematic camera framing.,,,,image,16:9,,,ready,1,,2026-08-16 14:56:19.818829,2026-08-16 14:56:19.818829,7,Level 7 - LEVEL 7 ESCALATION,5_layer_montage,
54,05975b9f-2226-41a7-aeca-2aeda639b72f,11,video_prompt,Colossal Wheat Combine Titan - Level 7 - LEVEL 7 ESCALATION (Video 8s),STEP 1: Core Startup | STEP 2: Harvester Deployment | STEP 3: Intake Acceleration | STEP 4: Processing Wave | STEP 5: Full Output Stabilization. Camera smoothly pans across Colossal Wheat Combine Titan for 8 seconds.,,,,video,,8.0,,ready,1,,2026-08-16 14:56:19.832823,2026-08-16 14:56:19.832823,7,Level 7 - LEVEL 7 ESCALATION,8s_5_step_hud_popup,53
55,5ff614c2-279e-4e91-ac90-2cf8b105fbdd,11,image_prompt,Colossal Wheat Combine Titan - Level 8 - LEVEL 8 ESCALATION (Image),Layer 1: Core Colossal Wheat Combine Titan titan subject. Layer 2: Wheat Field environment. Layer 3: Titanic chassis architecture. Layer 4: Quantum energy field glows. Layer 5: 16k photorealistic cinematic camera framing.,,,,image,16:9,,,ready,1,,2026-08-16 14:56:19.846848,2026-08-16 14:56:19.847850,8,Level 8 - LEVEL 8 ESCALATION,5_layer_montage,
56,fd64aa30-11c3-4fb7-872d-85fbf4f2b7b6,11,video_prompt,Colossal Wheat Combine Titan - Level 8 - LEVEL 8 ESCALATION (Video 8s),STEP 1: Core Startup | STEP 2: Harvester Deployment | STEP 3: Intake Acceleration | STEP 4: Processing Wave | STEP 5: Full Output Stabilization. Camera smoothly pans across Colossal Wheat Combine Titan for 8 seconds.,,,,video,,8.0,,ready,1,,2026-08-16 14:56:19.863825,2026-08-16 14:56:19.863825,8,Level 8 - LEVEL 8 ESCALATION,8s_5_step_hud_popup,55
57,cb60772a-88c1-4bab-b713-efecb96bb223,11,image_prompt,Colossal Wheat Combine Titan - Level 9 - LEVEL 9 ESCALATION (Image),Layer 1: Core Colossal Wheat Combine Titan titan subject. Layer 2: Wheat Field environment. Layer 3: Titanic chassis architecture. Layer 4: Quantum energy field glows. Layer 5: 16k photorealistic cinematic camera framing.,,,,image,16:9,,,ready,1,,2026-08-16 14:56:19.882824,2026-08-16 14:56:19.882824,9,Level 9 - LEVEL 9 ESCALATION,5_layer_montage,
58,653e9d5c-00d1-40ac-9f81-b00c9a821217,11,video_prompt,Colossal Wheat Combine Titan - Level 9 - LEVEL 9 ESCALATION (Video 8s),STEP 1: Core Startup | STEP 2: Harvester Deployment | STEP 3: Intake Acceleration | STEP 4: Processing Wave | STEP 5: Full Output Stabilization. Camera smoothly pans across Colossal Wheat Combine Titan for 8 seconds.,,,,video,,8.0,,ready,1,,2026-08-16 14:56:19.898824,2026-08-16 14:56:19.898824,9,Level 9 - LEVEL 9 ESCALATION,8s_5_step_hud_popup,57
59,5b0c9e9f-4325-4085-8d5c-d05d97c67ac0,11,image_prompt,Colossal Wheat Combine Titan - Level 10 - ALIEN LEVEL / MAXIMUM (Image),Layer 1: Core Colossal Wheat Combine Titan titan subject. Layer 2: Wheat Field environment. Layer 3: Titanic chassis architecture. Layer 4: Quantum energy field glows. Layer 5: 16k photorealistic cinematic camera framing.,,,,image,16:9,,,ready,1,,2026-08-16 14:56:19.916828,2026-08-16 14:56:19.916828,10,Level 10 - ALIEN LEVEL / MAXIMUM,5_layer_montage,
60,effce6ca-0e0a-4a98-9fef-a392cea4cd07,11,video_prompt,Colossal Wheat Combine Titan - Level 10 - ALIEN LEVEL / MAXIMUM (Video 8s),STEP 1: Core Startup | STEP 2: Harvester Deployment | STEP 3: Intake Acceleration | STEP 4: Processing Wave | STEP 5: Full Output Stabilization. Camera smoothly pans across Colossal Wheat Combine Titan for 8 seconds.,,,,video,,8.0,,ready,1,,2026-08-16 14:56:19.928828,2026-08-16 14:56:19.928828,10,Level 10 - ALIEN LEVEL / MAXIMUM,8s_5_step_hud_popup,59
61,a4c14936-c185-4bae-9c45-296f03d02806,12,image_prompt,The Solar Wheat Sifter - Level 1 - BASIC (Image),Layer 1: Core The Solar Wheat Sifter titan subject. Layer 2: Wheat Field environment. Layer 3: Titanic chassis architecture. Layer 4: Quantum energy field glows. Layer 5: 16k photorealistic cinematic camera framing.,,,,image,16:9,,,ready,1,,2026-08-16 14:57:23.050320,2026-08-16 14:57:23.050320,1,Level 1 - BASIC,5_layer_montage,
62,a316cfc4-abb5-4e84-8eb6-99895a4e5d29,12,video_prompt,The Solar Wheat Sifter - Level 1 - BASIC (Video 8s),STEP 1: Core Startup | STEP 2: Harvester Deployment | STEP 3: Intake Acceleration | STEP 4: Processing Wave | STEP 5: Full Output Stabilization. Camera smoothly pans across The Solar Wheat Sifter for 8 seconds.,,,,video,,8.0,,ready,1,,2026-08-16 14:57:23.074861,2026-08-16 14:57:23.074861,1,Level 1 - BASIC,8s_5_step_hud_popup,61
63,bae8a056-99dc-41c9-9cea-92050796c69b,12,image_prompt,The Solar Wheat Sifter - Level 2 - LEVEL 2 ESCALATION (Image),Layer 1: Core The Solar Wheat Sifter titan subject. Layer 2: Wheat Field environment. Layer 3: Titanic chassis architecture. Layer 4: Quantum energy field glows. Layer 5: 16k photorealistic cinematic camera framing.,,,,image,16:9,,,ready,1,,2026-08-16 14:57:23.088118,2026-08-16 14:57:23.088118,2,Level 2 - LEVEL 2 ESCALATION,5_layer_montage,
64,aa8b39c2-7e4e-42c0-bca4-0d609606a27e,12,video_prompt,The Solar Wheat Sifter - Level 2 - LEVEL 2 ESCALATION (Video 8s),STEP 1: Core Startup | STEP 2: Harvester Deployment | STEP 3: Intake Acceleration | STEP 4: Processing Wave | STEP 5: Full Output Stabilization. Camera smoothly pans across The Solar Wheat Sifter for 8 seconds.,,,,video,,8.0,,ready,1,,2026-08-16 14:57:23.098118,2026-08-16 14:57:23.098118,2,Level 2 - LEVEL 2 ESCALATION,8s_5_step_hud_popup,63
65,b348bff9-77c4-4393-89e2-5d94bfa7f8a3,12,image_prompt,The Solar Wheat Sifter - Level 3 - LEVEL 3 ESCALATION (Image),Layer 1: Core The Solar Wheat Sifter titan subject. Layer 2: Wheat Field environment. Layer 3: Titanic chassis architecture. Layer 4: Quantum energy field glows. Layer 5: 16k photorealistic cinematic camera framing.,,,,image,16:9,,,ready,1,,2026-08-16 14:57:23.108120,2026-08-16 14:57:23.108120,3,Level 3 - LEVEL 3 ESCALATION,5_layer_montage,
66,d3c84748-c434-44fe-ade2-482efbe39e04,12,video_prompt,The Solar Wheat Sifter - Level 3 - LEVEL 3 ESCALATION (Video 8s),STEP 1: Core Startup | STEP 2: Harvester Deployment | STEP 3: Intake Acceleration | STEP 4: Processing Wave | STEP 5: Full Output Stabilization. Camera smoothly pans across The Solar Wheat Sifter for 8 seconds.,,,,video,,8.0,,ready,1,,2026-08-16 14:57:23.118348,2026-08-16 14:57:23.118348,3,Level 3 - LEVEL 3 ESCALATION,8s_5_step_hud_popup,65
67,f63eef1b-435e-40d5-9bf7-6524c1a39ce3,12,image_prompt,The Solar Wheat Sifter - Level 4 - LEVEL 4 ESCALATION (Image),Layer 1: Core The Solar Wheat Sifter titan subject. Layer 2: Wheat Field environment. Layer 3: Titanic chassis architecture. Layer 4: Quantum energy field glows. Layer 5: 16k photorealistic cinematic camera framing.,,,,image,16:9,,,ready,1,,2026-08-16 14:57:23.134846,2026-08-16 14:57:23.134846,4,Level 4 - LEVEL 4 ESCALATION,5_layer_montage,
68,0383bb80-1b85-4d7d-854e-ba863e66bb77,12,video_prompt,The Solar Wheat Sifter - Level 4 - LEVEL 4 ESCALATION (Video 8s),STEP 1: Core Startup | STEP 2: Harvester Deployment | STEP 3: Intake Acceleration | STEP 4: Processing Wave | STEP 5: Full Output Stabilization. Camera smoothly pans across The Solar Wheat Sifter for 8 seconds.,,,,video,,8.0,,ready,1,,2026-08-16 14:57:23.153187,2026-08-16 14:57:23.153187,4,Level 4 - LEVEL 4 ESCALATION,8s_5_step_hud_popup,67
69,0186d67d-74ca-4eaa-b0f7-650b4380febc,12,image_prompt,The Solar Wheat Sifter - Level 5 - LEVEL 5 ESCALATION (Image),Layer 1: Core The Solar Wheat Sifter titan subject. Layer 2: Wheat Field environment. Layer 3: Titanic chassis architecture. Layer 4: Quantum energy field glows. Layer 5: 16k photorealistic cinematic camera framing.,,,,image,16:9,,,ready,1,,2026-08-16 14:57:23.170302,2026-08-16 14:57:23.170302,5,Level 5 - LEVEL 5 ESCALATION,5_layer_montage,
70,efc9b14f-69cb-4ac0-9993-d3dfe64d5de4,12,video_prompt,The Solar Wheat Sifter - Level 5 - LEVEL 5 ESCALATION (Video 8s),STEP 1: Core Startup | STEP 2: Harvester Deployment | STEP 3: Intake Acceleration | STEP 4: Processing Wave | STEP 5: Full Output Stabilization. Camera smoothly pans across The Solar Wheat Sifter for 8 seconds.,,,,video,,8.0,,ready,1,,2026-08-16 14:57:23.185936,2026-08-16 14:57:23.185936,5,Level 5 - LEVEL 5 ESCALATION,8s_5_step_hud_popup,69
71,7fc39eec-7bee-4f84-b644-ebe6c13ee8b8,12,image_prompt,The Solar Wheat Sifter - Level 6 - LEVEL 6 ESCALATION (Image),Layer 1: Core The Solar Wheat Sifter titan subject. Layer 2: Wheat Field environment. Layer 3: Titanic chassis architecture. Layer 4: Quantum energy field glows. Layer 5: 16k photorealistic cinematic camera framing.,,,,image,16:9,,,ready,1,,2026-08-16 14:57:23.202246,2026-08-16 14:57:23.202246,6,Level 6 - LEVEL 6 ESCALATION,5_layer_montage,
72,97f7f636-a77d-456e-a821-6695b77baa60,12,video_prompt,The Solar Wheat Sifter - Level 6 - LEVEL 6 ESCALATION (Video 8s),STEP 1: Core Startup | STEP 2: Harvester Deployment | STEP 3: Intake Acceleration | STEP 4: Processing Wave | STEP 5: Full Output Stabilization. Camera smoothly pans across The Solar Wheat Sifter for 8 seconds.,,,,video,,8.0,,ready,1,,2026-08-16 14:57:23.215547,2026-08-16 14:57:23.215547,6,Level 6 - LEVEL 6 ESCALATION,8s_5_step_hud_popup,71
73,0fd0f742-7203-4c51-b830-cac4d3b3af23,12,image_prompt,The Solar Wheat Sifter - Level 7 - LEVEL 7 ESCALATION (Image),Layer 1: Core The Solar Wheat Sifter titan subject. Layer 2: Wheat Field environment. Layer 3: Titanic chassis architecture. Layer 4: Quantum energy field glows. Layer 5: 16k photorealistic cinematic camera framing.,,,,image,16:9,,,ready,1,,2026-08-16 14:57:23.227547,2026-08-16 14:57:23.227547,7,Level 7 - LEVEL 7 ESCALATION,5_layer_montage,
74,8480a058-93b0-4533-be9f-363ce3bbe77d,12,video_prompt,The Solar Wheat Sifter - Level 7 - LEVEL 7 ESCALATION (Video 8s),STEP 1: Core Startup | STEP 2: Harvester Deployment | STEP 3: Intake Acceleration | STEP 4: Processing Wave | STEP 5: Full Output Stabilization. Camera smoothly pans across The Solar Wheat Sifter for 8 seconds.,,,,video,,8.0,,ready,1,,2026-08-16 14:57:23.239553,2026-08-16 14:57:23.239553,7,Level 7 - LEVEL 7 ESCALATION,8s_5_step_hud_popup,73
75,a5fbe994-d253-4cbf-8227-679dd5d51abe,12,image_prompt,The Solar Wheat Sifter - Level 8 - LEVEL 8 ESCALATION (Image),Layer 1: Core The Solar Wheat Sifter titan subject. Layer 2: Wheat Field environment. Layer 3: Titanic chassis architecture. Layer 4: Quantum energy field glows. Layer 5: 16k photorealistic cinematic camera framing.,,,,image,16:9,,,ready,1,,2026-08-16 14:57:23.251548,2026-08-16 14:57:23.251548,8,Level 8 - LEVEL 8 ESCALATION,5_layer_montage,
76,cd5bd9bd-9e4c-4c23-af75-8c9be9b97933,12,video_prompt,The Solar Wheat Sifter - Level 8 - LEVEL 8 ESCALATION (Video 8s),STEP 1: Core Startup | STEP 2: Harvester Deployment | STEP 3: Intake Acceleration | STEP 4: Processing Wave | STEP 5: Full Output Stabilization. Camera smoothly pans across The Solar Wheat Sifter for 8 seconds.,,,,video,,8.0,,ready,1,,2026-08-16 14:57:23.264399,2026-08-16 14:57:23.264399,8,Level 8 - LEVEL 8 ESCALATION,8s_5_step_hud_popup,75
77,66cb0a7e-dfb7-494c-a2b0-cb4f558d9831,12,image_prompt,The Solar Wheat Sifter - Level 9 - LEVEL 9 ESCALATION (Image),Layer 1: Core The Solar Wheat Sifter titan subject. Layer 2: Wheat Field environment. Layer 3: Titanic chassis architecture. Layer 4: Quantum energy field glows. Layer 5: 16k photorealistic cinematic camera framing.,,,,image,16:9,,,ready,1,,2026-08-16 14:57:23.280952,2026-08-16 14:57:23.280952,9,Level 9 - LEVEL 9 ESCALATION,5_layer_montage,
78,bbd737ec-7bcd-4217-9d8c-1ec0a674f1a2,12,video_prompt,The Solar Wheat Sifter - Level 9 - LEVEL 9 ESCALATION (Video 8s),STEP 1: Core Startup | STEP 2: Harvester Deployment | STEP 3: Intake Acceleration | STEP 4: Processing Wave | STEP 5: Full Output Stabilization. Camera smoothly pans across The Solar Wheat Sifter for 8 seconds.,,,,video,,8.0,,ready,1,,2026-08-16 14:57:23.299393,2026-08-16 14:57:23.299393,9,Level 9 - LEVEL 9 ESCALATION,8s_5_step_hud_popup,77
79,dfdb7596-c0f9-4b0a-ad7d-2c6d54e1a761,12,image_prompt,The Solar Wheat Sifter - Level 10 - ALIEN LEVEL / MAXIMUM (Image),Layer 1: Core The Solar Wheat Sifter titan subject. Layer 2: Wheat Field environment. Layer 3: Titanic chassis architecture. Layer 4: Quantum energy field glows. Layer 5: 16k photorealistic cinematic camera framing.,,,,image,16:9,,,ready,1,,2026-08-16 14:57:23.320643,2026-08-16 14:57:23.320643,10,Level 10 - ALIEN LEVEL / MAXIMUM,5_layer_montage,
80,de44562b-f4a6-48cb-bc2e-e3a413050991,12,video_prompt,The Solar Wheat Sifter - Level 10 - ALIEN LEVEL / MAXIMUM (Video 8s),STEP 1: Core Startup | STEP 2: Harvester Deployment | STEP 3: Intake Acceleration | STEP 4: Processing Wave | STEP 5: Full Output Stabilization. Camera smoothly pans across The Solar Wheat Sifter for 8 seconds.,,,,video,,8.0,,ready,1,,2026-08-16 14:57:23.337239,2026-08-16 14:57:23.337239,10,Level 10 - ALIEN LEVEL / MAXIMUM,8s_5_step_hud_popup,79
81,bd8ca169-4934-4e30-ba3c-a8a772eb212a,13,image_prompt,The Wheat Ocean Harvester - Level 1 - BASIC (Image),Layer 1: Core The Wheat Ocean Harvester titan subject. Layer 2: Wheat Field environment. Layer 3: Titanic chassis architecture. Layer 4: Quantum energy field glows. Layer 5: 16k photorealistic cinematic camera framing.,,,,image,16:9,,en,ready,1,,2026-08-16 15:56:31.756974,2026-08-16 15:56:31.756974,1,Level 1 - BASIC,5_layer_montage,
82,4c0f3866-bdc7-47cd-a6e5-f772ae8ad373,13,video_prompt,The Wheat Ocean Harvester - Level 1 - BASIC (Video 8s),STEP 1: Core Startup | STEP 2: Harvester Deployment | STEP 3: Intake Acceleration | STEP 4: Processing Wave | STEP 5: Full Output Stabilization. Camera smoothly pans across The Wheat Ocean Harvester for 8 seconds.,,,,video,,8.0,en,ready,1,,2026-08-16 15:56:31.781224,2026-08-16 15:56:31.781224,1,Level 1 - BASIC,8s_5_step_hud_popup,81
83,4b09dbdf-fabe-4cd4-aa71-2df642008656,13,image_prompt,The Wheat Ocean Harvester - Level 2 - LEVEL 2 ESCALATION (Image),Layer 1: Core The Wheat Ocean Harvester titan subject. Layer 2: Wheat Field environment. Layer 3: Titanic chassis architecture. Layer 4: Quantum energy field glows. Layer 5: 16k photorealistic cinematic camera framing.,,,,image,16:9,,en,ready,1,,2026-08-16 15:56:31.794740,2026-08-16 15:56:31.794740,2,Level 2 - LEVEL 2 ESCALATION,5_layer_montage,
84,9e7e96ba-8a80-42ba-b7c6-63983483e69d,13,video_prompt,The Wheat Ocean Harvester - Level 2 - LEVEL 2 ESCALATION (Video 8s),STEP 1: Core Startup | STEP 2: Harvester Deployment | STEP 3: Intake Acceleration | STEP 4: Processing Wave | STEP 5: Full Output Stabilization. Camera smoothly pans across The Wheat Ocean Harvester for 8 seconds.,,,,video,,8.0,en,ready,1,,2026-08-16 15:56:31.806747,2026-08-16 15:56:31.806747,2,Level 2 - LEVEL 2 ESCALATION,8s_5_step_hud_popup,83
85,225c1063-7b6a-496c-b2b5-5376a343841d,13,image_prompt,The Wheat Ocean Harvester - Level 3 - LEVEL 3 ESCALATION (Image),Layer 1: Core The Wheat Ocean Harvester titan subject. Layer 2: Wheat Field environment. Layer 3: Titanic chassis architecture. Layer 4: Quantum energy field glows. Layer 5: 16k photorealistic cinematic camera framing.,,,,image,16:9,,en,ready,1,,2026-08-16 15:56:31.817443,2026-08-16 15:56:31.817443,3,Level 3 - LEVEL 3 ESCALATION,5_layer_montage,
86,25e2f52f-8865-4817-ba67-23f1879e7b91,13,video_prompt,The Wheat Ocean Harvester - Level 3 - LEVEL 3 ESCALATION (Video 8s),STEP 1: Core Startup | STEP 2: Harvester Deployment | STEP 3: Intake Acceleration | STEP 4: Processing Wave | STEP 5: Full Output Stabilization. Camera smoothly pans across The Wheat Ocean Harvester for 8 seconds.,,,,video,,8.0,en,ready,1,,2026-08-16 15:56:31.832725,2026-08-16 15:56:31.832725,3,Level 3 - LEVEL 3 ESCALATION,8s_5_step_hud_popup,85
87,ef5f664d-b569-4819-8bb5-14c8107a78f2,13,image_prompt,The Wheat Ocean Harvester - Level 4 - LEVEL 4 ESCALATION (Image),Layer 1: Core The Wheat Ocean Harvester titan subject. Layer 2: Wheat Field environment. Layer 3: Titanic chassis architecture. Layer 4: Quantum energy field glows. Layer 5: 16k photorealistic cinematic camera framing.,,,,image,16:9,,en,ready,1,,2026-08-16 15:56:31.847727,2026-08-16 15:56:31.847727,4,Level 4 - LEVEL 4 ESCALATION,5_layer_montage,
88,4b03bf9d-3382-4e37-ab03-3b6a82da021d,13,video_prompt,The Wheat Ocean Harvester - Level 4 - LEVEL 4 ESCALATION (Video 8s),STEP 1: Core Startup | STEP 2: Harvester Deployment | STEP 3: Intake Acceleration | STEP 4: Processing Wave | STEP 5: Full Output Stabilization. Camera smoothly pans across The Wheat Ocean Harvester for 8 seconds.,,,,video,,8.0,en,ready,1,,2026-08-16 15:56:31.863725,2026-08-16 15:56:31.863725,4,Level 4 - LEVEL 4 ESCALATION,8s_5_step_hud_popup,87
89,74365de1-ed95-42f9-a440-b3bfa66f13e9,13,image_prompt,The Wheat Ocean Harvester - Level 5 - LEVEL 5 ESCALATION (Image),Layer 1: Core The Wheat Ocean Harvester titan subject. Layer 2: Wheat Field environment. Layer 3: Titanic chassis architecture. Layer 4: Quantum energy field glows. Layer 5: 16k photorealistic cinematic camera framing.,,,,image,16:9,,en,ready,1,,2026-08-16 15:56:31.878726,2026-08-16 15:56:31.878726,5,Level 5 - LEVEL 5 ESCALATION,5_layer_montage,
90,499ebaa2-d7fa-4e68-b834-80fc1fc1dc4c,13,video_prompt,The Wheat Ocean Harvester - Level 5 - LEVEL 5 ESCALATION (Video 8s),STEP 1: Core Startup | STEP 2: Harvester Deployment | STEP 3: Intake Acceleration | STEP 4: Processing Wave | STEP 5: Full Output Stabilization. Camera smoothly pans across The Wheat Ocean Harvester for 8 seconds.,,,,video,,8.0,en,ready,1,,2026-08-16 15:56:31.894304,2026-08-16 15:56:31.894304,5,Level 5 - LEVEL 5 ESCALATION,8s_5_step_hud_popup,89
91,d3561afc-78db-4551-8fb4-12769e3ec98c,13,image_prompt,The Wheat Ocean Harvester - Level 6 - LEVEL 6 ESCALATION (Image),Layer 1: Core The Wheat Ocean Harvester titan subject. Layer 2: Wheat Field environment. Layer 3: Titanic chassis architecture. Layer 4: Quantum energy field glows. Layer 5: 16k photorealistic cinematic camera framing.,,,,image,16:9,,en,ready,1,,2026-08-16 15:56:31.904594,2026-08-16 15:56:31.904594,6,Level 6 - LEVEL 6 ESCALATION,5_layer_montage,
92,0a484ac0-1d0a-4af0-875d-4e1b963ba561,13,video_prompt,The Wheat Ocean Harvester - Level 6 - LEVEL 6 ESCALATION (Video 8s),STEP 1: Core Startup | STEP 2: Harvester Deployment | STEP 3: Intake Acceleration | STEP 4: Processing Wave | STEP 5: Full Output Stabilization. Camera smoothly pans across The Wheat Ocean Harvester for 8 seconds.,,,,video,,8.0,en,ready,1,,2026-08-16 15:56:31.915600,2026-08-16 15:56:31.915600,6,Level 6 - LEVEL 6 ESCALATION,8s_5_step_hud_popup,91
93,d6b8f6c3-e8ef-44ac-bad9-65b45af98814,13,image_prompt,The Wheat Ocean Harvester - Level 7 - LEVEL 7 ESCALATION (Image),Layer 1: Core The Wheat Ocean Harvester titan subject. Layer 2: Wheat Field environment. Layer 3: Titanic chassis architecture. Layer 4: Quantum energy field glows. Layer 5: 16k photorealistic cinematic camera framing.,,,,image,16:9,,en,ready,1,,2026-08-16 15:56:31.925594,2026-08-16 15:56:31.925594,7,Level 7 - LEVEL 7 ESCALATION,5_layer_montage,
94,f41ffcf7-7a85-46cc-8f12-2fb51916bec1,13,video_prompt,The Wheat Ocean Harvester - Level 7 - LEVEL 7 ESCALATION (Video 8s),STEP 1: Core Startup | STEP 2: Harvester Deployment | STEP 3: Intake Acceleration | STEP 4: Processing Wave | STEP 5: Full Output Stabilization. Camera smoothly pans across The Wheat Ocean Harvester for 8 seconds.,,,,video,,8.0,en,ready,1,,2026-08-16 15:56:31.935592,2026-08-16 15:56:31.935592,7,Level 7 - LEVEL 7 ESCALATION,8s_5_step_hud_popup,93
95,83d995c9-e40f-4e89-b27b-565de981b644,13,image_prompt,The Wheat Ocean Harvester - Level 8 - LEVEL 8 ESCALATION (Image),Layer 1: Core The Wheat Ocean Harvester titan subject. Layer 2: Wheat Field environment. Layer 3: Titanic chassis architecture. Layer 4: Quantum energy field glows. Layer 5: 16k photorealistic cinematic camera framing.,,,,image,16:9,,en,ready,1,,2026-08-16 15:56:31.951595,2026-08-16 15:56:31.951595,8,Level 8 - LEVEL 8 ESCALATION,5_layer_montage,
96,9419d762-40cc-4c4e-8211-cb5d6cb893ca,13,video_prompt,The Wheat Ocean Harvester - Level 8 - LEVEL 8 ESCALATION (Video 8s),STEP 1: Core Startup | STEP 2: Harvester Deployment | STEP 3: Intake Acceleration | STEP 4: Processing Wave | STEP 5: Full Output Stabilization. Camera smoothly pans across The Wheat Ocean Harvester for 8 seconds.,,,,video,,8.0,en,ready,1,,2026-08-16 15:56:31.966595,2026-08-16 15:56:31.966595,8,Level 8 - LEVEL 8 ESCALATION,8s_5_step_hud_popup,95
97,0dcfb50b-c8da-4c2e-8088-41a83d10ea6a,13,image_prompt,The Wheat Ocean Harvester - Level 9 - LEVEL 9 ESCALATION (Image),Layer 1: Core The Wheat Ocean Harvester titan subject. Layer 2: Wheat Field environment. Layer 3: Titanic chassis architecture. Layer 4: Quantum energy field glows. Layer 5: 16k photorealistic cinematic camera framing.,,,,image,16:9,,en,ready,1,,2026-08-16 15:56:31.982594,2026-08-16 15:56:31.982594,9,Level 9 - LEVEL 9 ESCALATION,5_layer_montage,
98,e0a4055f-dc70-4c85-b579-cffbff206e1e,13,video_prompt,The Wheat Ocean Harvester - Level 9 - LEVEL 9 ESCALATION (Video 8s),STEP 1: Core Startup | STEP 2: Harvester Deployment | STEP 3: Intake Acceleration | STEP 4: Processing Wave | STEP 5: Full Output Stabilization. Camera smoothly pans across The Wheat Ocean Harvester for 8 seconds.,,,,video,,8.0,en,ready,1,,2026-08-16 15:56:31.997596,2026-08-16 15:56:31.997596,9,Level 9 - LEVEL 9 ESCALATION,8s_5_step_hud_popup,97
99,b8c8bb59-162d-4e5f-963b-745c00ee0f3c,13,image_prompt,The Wheat Ocean Harvester - Level 10 - ALIEN LEVEL / MAXIMUM (Image),Layer 1: Core The Wheat Ocean Harvester titan subject. Layer 2: Wheat Field environment. Layer 3: Titanic chassis architecture. Layer 4: Quantum energy field glows. Layer 5: 16k photorealistic cinematic camera framing.,,,,image,16:9,,en,ready,1,,2026-08-16 15:56:32.007597,2026-08-16 15:56:32.007597,10,Level 10 - ALIEN LEVEL / MAXIMUM,5_layer_montage,
100,3d45faa6-e199-474e-a150-d8e3c775524c,13,video_prompt,The Wheat Ocean Harvester - Level 10 - ALIEN LEVEL / MAXIMUM (Video 8s),STEP 1: Core Startup | STEP 2: Harvester Deployment | STEP 3: Intake Acceleration | STEP 4: Processing Wave | STEP 5: Full Output Stabilization. Camera smoothly pans across The Wheat Ocean Harvester for 8 seconds.,,,,video,,8.0,en,ready,1,,2026-08-16 15:56:32.020844,2026-08-16 15:56:32.020844,10,Level 10 - ALIEN LEVEL / MAXIMUM,8s_5_step_hud_popup,99
101,2e349dc4-ce4a-4948-b6f6-47e1e4f12ab6,3,image_prompt,Rice-Field Spider Colossus - Level 1 - BASIC (Image),Layer 1: Core Rice-Field Spider Colossus titan subject. Layer 2: Paddy Harvesting environment. Layer 3: Titanic chassis architecture. Layer 4: Quantum energy field glows. Layer 5: 16k photorealistic cinematic camera framing.,,,,image,16:9,,en,ready,1,,2026-08-16 16:19:36.586545,2026-08-16 16:19:36.586545,1,Level 1 - BASIC,5_layer_montage,
102,606d6b23-ed34-4171-a87b-d64a5127c037,3,video_prompt,Rice-Field Spider Colossus - Level 1 - BASIC (Video 8s),STEP 1: Core Startup | STEP 2: Harvester Deployment | STEP 3: Intake Acceleration | STEP 4: Processing Wave | STEP 5: Full Output Stabilization. Camera smoothly pans across Rice-Field Spider Colossus for 8 seconds.,,,,video,,8.0,en,ready,1,,2026-08-16 16:19:36.604545,2026-08-16 16:19:36.604545,1,Level 1 - BASIC,8s_5_step_hud_popup,101
103,1c8d5755-ea1a-42af-812d-6f618e9cd60b,3,image_prompt,Rice-Field Spider Colossus - Level 2 - LEVEL 2 ESCALATION (Image),Layer 1: Core Rice-Field Spider Colossus titan subject. Layer 2: Paddy Harvesting environment. Layer 3: Titanic chassis architecture. Layer 4: Quantum energy field glows. Layer 5: 16k photorealistic cinematic camera framing.,,,,image,16:9,,en,ready,1,,2026-08-16 16:19:36.615553,2026-08-16 16:19:36.615553,2,Level 2 - LEVEL 2 ESCALATION,5_layer_montage,
104,e30114fe-a55b-4fa6-b481-feaf0c106a2a,3,video_prompt,Rice-Field Spider Colossus - Level 2 - LEVEL 2 ESCALATION (Video 8s),STEP 1: Core Startup | STEP 2: Harvester Deployment | STEP 3: Intake Acceleration | STEP 4: Processing Wave | STEP 5: Full Output Stabilization. Camera smoothly pans across Rice-Field Spider Colossus for 8 seconds.,,,,video,,8.0,en,ready,1,,2026-08-16 16:19:36.625558,2026-08-16 16:19:36.625558,2,Level 2 - LEVEL 2 ESCALATION,8s_5_step_hud_popup,103
105,430ac2af-e178-4284-ac2c-7c391db294dd,3,image_prompt,Rice-Field Spider Colossus - Level 3 - LEVEL 3 ESCALATION (Image),Layer 1: Core Rice-Field Spider Colossus titan subject. Layer 2: Paddy Harvesting environment. Layer 3: Titanic chassis architecture. Layer 4: Quantum energy field glows. Layer 5: 16k photorealistic cinematic camera framing.,,,,image,16:9,,en,ready,1,,2026-08-16 16:19:36.638494,2026-08-16 16:19:36.638494,3,Level 3 - LEVEL 3 ESCALATION,5_layer_montage,
106,4b417442-ea1f-45e5-ad71-a826ca43480e,3,video_prompt,Rice-Field Spider Colossus - Level 3 - LEVEL 3 ESCALATION (Video 8s),STEP 1: Core Startup | STEP 2: Harvester Deployment | STEP 3: Intake Acceleration | STEP 4: Processing Wave | STEP 5: Full Output Stabilization. Camera smoothly pans across Rice-Field Spider Colossus for 8 seconds.,,,,video,,8.0,en,ready,1,,2026-08-16 16:19:36.656503,2026-08-16 16:19:36.656503,3,Level 3 - LEVEL 3 ESCALATION,8s_5_step_hud_popup,105
107,38ea45dd-1985-475f-bdae-5d5500849a53,3,image_prompt,Rice-Field Spider Colossus - Level 4 - LEVEL 4 ESCALATION (Image),Layer 1: Core Rice-Field Spider Colossus titan subject. Layer 2: Paddy Harvesting environment. Layer 3: Titanic chassis architecture. Layer 4: Quantum energy field glows. Layer 5: 16k photorealistic cinematic camera framing.,,,,image,16:9,,en,ready,1,,2026-08-16 16:19:36.672717,2026-08-16 16:19:36.672717,4,Level 4 - LEVEL 4 ESCALATION,5_layer_montage,
108,4d1bbabe-53a1-4b24-880c-fedca38367d5,3,video_prompt,Rice-Field Spider Colossus - Level 4 - LEVEL 4 ESCALATION (Video 8s),STEP 1: Core Startup | STEP 2: Harvester Deployment | STEP 3: Intake Acceleration | STEP 4: Processing Wave | STEP 5: Full Output Stabilization. Camera smoothly pans across Rice-Field Spider Colossus for 8 seconds.,,,,video,,8.0,en,ready,1,,2026-08-16 16:19:36.690346,2026-08-16 16:19:36.690346,4,Level 4 - LEVEL 4 ESCALATION,8s_5_step_hud_popup,107
109,0155554b-dbe0-42c7-b864-e6c8c14eeef7,3,image_prompt,Rice-Field Spider Colossus - Level 5 - LEVEL 5 ESCALATION (Image),Layer 1: Core Rice-Field Spider Colossus titan subject. Layer 2: Paddy Harvesting environment. Layer 3: Titanic chassis architecture. Layer 4: Quantum energy field glows. Layer 5: 16k photorealistic cinematic camera framing.,,,,image,16:9,,en,ready,1,,2026-08-16 16:19:36.707961,2026-08-16 16:19:36.707961,5,Level 5 - LEVEL 5 ESCALATION,5_layer_montage,
110,5945f3d9-eb22-4372-be24-16795b0ba6e9,3,video_prompt,Rice-Field Spider Colossus - Level 5 - LEVEL 5 ESCALATION (Video 8s),STEP 1: Core Startup | STEP 2: Harvester Deployment | STEP 3: Intake Acceleration | STEP 4: Processing Wave | STEP 5: Full Output Stabilization. Camera smoothly pans across Rice-Field Spider Colossus for 8 seconds.,,,,video,,8.0,en,ready,1,,2026-08-16 16:19:36.730399,2026-08-16 16:19:36.730399,5,Level 5 - LEVEL 5 ESCALATION,8s_5_step_hud_popup,109
111,97afbacf-1c90-45a9-982c-92968ce06861,3,image_prompt,Rice-Field Spider Colossus - Level 6 - LEVEL 6 ESCALATION (Image),Layer 1: Core Rice-Field Spider Colossus titan subject. Layer 2: Paddy Harvesting environment. Layer 3: Titanic chassis architecture. Layer 4: Quantum energy field glows. Layer 5: 16k photorealistic cinematic camera framing.,,,,image,16:9,,en,ready,1,,2026-08-16 16:19:36.747173,2026-08-16 16:19:36.747173,6,Level 6 - LEVEL 6 ESCALATION,5_layer_montage,
112,9a981865-908f-4323-aac5-91305fd9bc6c,3,video_prompt,Rice-Field Spider Colossus - Level 6 - LEVEL 6 ESCALATION (Video 8s),STEP 1: Core Startup | STEP 2: Harvester Deployment | STEP 3: Intake Acceleration | STEP 4: Processing Wave | STEP 5: Full Output Stabilization. Camera smoothly pans across Rice-Field Spider Colossus for 8 seconds.,,,,video,,8.0,en,ready,1,,2026-08-16 16:19:36.760004,2026-08-16 16:19:36.760004,6,Level 6 - LEVEL 6 ESCALATION,8s_5_step_hud_popup,111
113,8cddfe56-5aea-4bb9-b6ab-c2bbe457dc6b,3,image_prompt,Rice-Field Spider Colossus - Level 7 - LEVEL 7 ESCALATION (Image),Layer 1: Core Rice-Field Spider Colossus titan subject. Layer 2: Paddy Harvesting environment. Layer 3: Titanic chassis architecture. Layer 4: Quantum energy field glows. Layer 5: 16k photorealistic cinematic camera framing.,,,,image,16:9,,en,ready,1,,2026-08-16 16:19:36.770007,2026-08-16 16:19:36.770007,7,Level 7 - LEVEL 7 ESCALATION,5_layer_montage,
114,4add8080-6aee-4292-81e8-82a8dd5d9977,3,video_prompt,Rice-Field Spider Colossus - Level 7 - LEVEL 7 ESCALATION (Video 8s),STEP 1: Core Startup | STEP 2: Harvester Deployment | STEP 3: Intake Acceleration | STEP 4: Processing Wave | STEP 5: Full Output Stabilization. Camera smoothly pans across Rice-Field Spider Colossus for 8 seconds.,,,,video,,8.0,en,ready,1,,2026-08-16 16:19:36.780005,2026-08-16 16:19:36.780005,7,Level 7 - LEVEL 7 ESCALATION,8s_5_step_hud_popup,113
115,5b122401-1375-4148-87ca-d5470a76c8fb,3,image_prompt,Rice-Field Spider Colossus - Level 8 - LEVEL 8 ESCALATION (Image),Layer 1: Core Rice-Field Spider Colossus titan subject. Layer 2: Paddy Harvesting environment. Layer 3: Titanic chassis architecture. Layer 4: Quantum energy field glows. Layer 5: 16k photorealistic cinematic camera framing.,,,,image,16:9,,en,ready,1,,2026-08-16 16:19:36.793007,2026-08-16 16:19:36.793007,8,Level 8 - LEVEL 8 ESCALATION,5_layer_montage,
116,af3f1938-af0d-40db-86c7-21df4f8b6154,3,video_prompt,Rice-Field Spider Colossus - Level 8 - LEVEL 8 ESCALATION (Video 8s),STEP 1: Core Startup | STEP 2: Harvester Deployment | STEP 3: Intake Acceleration | STEP 4: Processing Wave | STEP 5: Full Output Stabilization. Camera smoothly pans across Rice-Field Spider Colossus for 8 seconds.,,,,video,,8.0,en,ready,1,,2026-08-16 16:19:36.808010,2026-08-16 16:19:36.808010,8,Level 8 - LEVEL 8 ESCALATION,8s_5_step_hud_popup,115
117,71fc29cd-71c4-4437-9435-430ee5f22897,3,image_prompt,Rice-Field Spider Colossus - Level 9 - LEVEL 9 ESCALATION (Image),Layer 1: Core Rice-Field Spider Colossus titan subject. Layer 2: Paddy Harvesting environment. Layer 3: Titanic chassis architecture. Layer 4: Quantum energy field glows. Layer 5: 16k photorealistic cinematic camera framing.,,,,image,16:9,,en,ready,1,,2026-08-16 16:19:36.823007,2026-08-16 16:19:36.823007,9,Level 9 - LEVEL 9 ESCALATION,5_layer_montage,
118,b239c540-ee3b-46db-908a-0e14f8476580,3,video_prompt,Rice-Field Spider Colossus - Level 9 - LEVEL 9 ESCALATION (Video 8s),STEP 1: Core Startup | STEP 2: Harvester Deployment | STEP 3: Intake Acceleration | STEP 4: Processing Wave | STEP 5: Full Output Stabilization. Camera smoothly pans across Rice-Field Spider Colossus for 8 seconds.,,,,video,,8.0,en,ready,1,,2026-08-16 16:19:36.839549,2026-08-16 16:19:36.839549,9,Level 9 - LEVEL 9 ESCALATION,8s_5_step_hud_popup,117
119,78809f48-ad14-4454-9359-4872e6bafdbf,3,image_prompt,Rice-Field Spider Colossus - Level 10 - ALIEN LEVEL / MAXIMUM (Image),Layer 1: Core Rice-Field Spider Colossus titan subject. Layer 2: Paddy Harvesting environment. Layer 3: Titanic chassis architecture. Layer 4: Quantum energy field glows. Layer 5: 16k photorealistic cinematic camera framing.,,,,image,16:9,,en,ready,1,,2026-08-16 16:19:36.855879,2026-08-16 16:19:36.855879,10,Level 10 - ALIEN LEVEL / MAXIMUM,5_layer_montage,
120,a9ad645a-d254-4fb0-b536-bb4e099e254f,3,video_prompt,Rice-Field Spider Colossus - Level 10 - ALIEN LEVEL / MAXIMUM (Video 8s),STEP 1: Core Startup | STEP 2: Harvester Deployment | STEP 3: Intake Acceleration | STEP 4: Processing Wave | STEP 5: Full Output Stabilization. Camera smoothly pans across Rice-Field Spider Colossus for 8 seconds.,,,,video,,8.0,en,ready,1,,2026-08-16 16:19:36.868079,2026-08-16 16:19:36.868079,10,Level 10 - ALIEN LEVEL / MAXIMUM,8s_5_step_hud_popup,119
121,4e3ad516-4ea6-4f88-8a73-f7d8715a34c4,4,image_prompt,The Monsoon Harvesting Ark - Level 1 - BASIC (Image),Layer 1: Core The Monsoon Harvesting Ark titan subject. Layer 2: Paddy Harvesting environment. Layer 3: Titanic chassis architecture. Layer 4: Quantum energy field glows. Layer 5: 16k photorealistic cinematic camera framing.,,,,image,16:9,,en,ready,1,,2026-08-16 16:33:35.746372,2026-08-16 16:33:35.746372,1,Level 1 - BASIC,5_layer_montage,
122,9e2ffa13-0588-4829-aa38-0f24f4efef28,4,video_prompt,The Monsoon Harvesting Ark - Level 1 - BASIC (Video 8s),STEP 1: Core Startup | STEP 2: Harvester Deployment | STEP 3: Intake Acceleration | STEP 4: Processing Wave | STEP 5: Full Output Stabilization. Camera smoothly pans across The Monsoon Harvesting Ark for 8 seconds.,,,,video,,8.0,en,ready,1,,2026-08-16 16:33:35.776123,2026-08-16 16:33:35.776123,1,Level 1 - BASIC,8s_5_step_hud_popup,121
123,bcccaf1c-8f92-42c3-9530-9e3db111d580,4,image_prompt,The Monsoon Harvesting Ark - Level 2 - LEVEL 2 ESCALATION (Image),Layer 1: Core The Monsoon Harvesting Ark titan subject. Layer 2: Paddy Harvesting environment. Layer 3: Titanic chassis architecture. Layer 4: Quantum energy field glows. Layer 5: 16k photorealistic cinematic camera framing.,,,,image,16:9,,en,ready,1,,2026-08-16 16:33:35.790122,2026-08-16 16:33:35.790122,2,Level 2 - LEVEL 2 ESCALATION,5_layer_montage,
124,0bc3a182-719b-4771-80f3-d15dcbea81f5,4,video_prompt,The Monsoon Harvesting Ark - Level 2 - LEVEL 2 ESCALATION (Video 8s),STEP 1: Core Startup | STEP 2: Harvester Deployment | STEP 3: Intake Acceleration | STEP 4: Processing Wave | STEP 5: Full Output Stabilization. Camera smoothly pans across The Monsoon Harvesting Ark for 8 seconds.,,,,video,,8.0,en,ready,1,,2026-08-16 16:33:35.805125,2026-08-16 16:33:35.805125,2,Level 2 - LEVEL 2 ESCALATION,8s_5_step_hud_popup,123
125,48052fb4-3006-4ae4-8e64-0e2b7ac5de43,4,image_prompt,The Monsoon Harvesting Ark - Level 3 - LEVEL 3 ESCALATION (Image),Layer 1: Core The Monsoon Harvesting Ark titan subject. Layer 2: Paddy Harvesting environment. Layer 3: Titanic chassis architecture. Layer 4: Quantum energy field glows. Layer 5: 16k photorealistic cinematic camera framing.,,,,image,16:9,,en,ready,1,,2026-08-16 16:33:35.817127,2026-08-16 16:33:35.817127,3,Level 3 - LEVEL 3 ESCALATION,5_layer_montage,
126,80752bc7-6546-4805-bc61-f70a4e474d0a,4,video_prompt,The Monsoon Harvesting Ark - Level 3 - LEVEL 3 ESCALATION (Video 8s),STEP 1: Core Startup | STEP 2: Harvester Deployment | STEP 3: Intake Acceleration | STEP 4: Processing Wave | STEP 5: Full Output Stabilization. Camera smoothly pans across The Monsoon Harvesting Ark for 8 seconds.,,,,video,,8.0,en,ready,1,,2026-08-16 16:33:35.827128,2026-08-16 16:33:35.828126,3,Level 3 - LEVEL 3 ESCALATION,8s_5_step_hud_popup,125
127,9361b40a-2126-4762-82f7-10da2b8f98bb,4,image_prompt,The Monsoon Harvesting Ark - Level 4 - LEVEL 4 ESCALATION (Image),Layer 1: Core The Monsoon Harvesting Ark titan subject. Layer 2: Paddy Harvesting environment. Layer 3: Titanic chassis architecture. Layer 4: Quantum energy field glows. Layer 5: 16k photorealistic cinematic camera framing.,,,,image,16:9,,en,ready,1,,2026-08-16 16:33:35.838124,2026-08-16 16:33:35.838124,4,Level 4 - LEVEL 4 ESCALATION,5_layer_montage,
128,12f60d64-c384-4749-8016-113493e67262,4,video_prompt,The Monsoon Harvesting Ark - Level 4 - LEVEL 4 ESCALATION (Video 8s),STEP 1: Core Startup | STEP 2: Harvester Deployment | STEP 3: Intake Acceleration | STEP 4: Processing Wave | STEP 5: Full Output Stabilization. Camera smoothly pans across The Monsoon Harvesting Ark for 8 seconds.,,,,video,,8.0,en,ready,1,,2026-08-16 16:33:35.848121,2026-08-16 16:33:35.848121,4,Level 4 - LEVEL 4 ESCALATION,8s_5_step_hud_popup,127
129,8ffd5524-0505-435d-b6af-c41db8015f8c,4,image_prompt,The Monsoon Harvesting Ark - Level 5 - LEVEL 5 ESCALATION (Image),Layer 1: Core The Monsoon Harvesting Ark titan subject. Layer 2: Paddy Harvesting environment. Layer 3: Titanic chassis architecture. Layer 4: Quantum energy field glows. Layer 5: 16k photorealistic cinematic camera framing.,,,,image,16:9,,en,ready,1,,2026-08-16 16:33:35.858126,2026-08-16 16:33:35.858126,5,Level 5 - LEVEL 5 ESCALATION,5_layer_montage,
130,ed3e2204-dedd-4343-96d8-14d9fff4f520,4,video_prompt,The Monsoon Harvesting Ark - Level 5 - LEVEL 5 ESCALATION (Video 8s),STEP 1: Core Startup | STEP 2: Harvester Deployment | STEP 3: Intake Acceleration | STEP 4: Processing Wave | STEP 5: Full Output Stabilization. Camera smoothly pans across The Monsoon Harvesting Ark for 8 seconds.,,,,video,,8.0,en,ready,1,,2026-08-16 16:33:35.873845,2026-08-16 16:33:35.874654,5,Level 5 - LEVEL 5 ESCALATION,8s_5_step_hud_popup,129
131,05af3c70-945d-4d9d-aa84-080fe54581a6,4,image_prompt,The Monsoon Harvesting Ark - Level 6 - LEVEL 6 ESCALATION (Image),Layer 1: Core The Monsoon Harvesting Ark titan subject. Layer 2: Paddy Harvesting environment. Layer 3: Titanic chassis architecture. Layer 4: Quantum energy field glows. Layer 5: 16k photorealistic cinematic camera framing.,,,,image,16:9,,en,ready,1,,2026-08-16 16:33:35.888755,2026-08-16 16:33:35.888755,6,Level 6 - LEVEL 6 ESCALATION,5_layer_montage,
132,39a8bc0c-283d-4634-ab03-10731ddb2c7a,4,video_prompt,The Monsoon Harvesting Ark - Level 6 - LEVEL 6 ESCALATION (Video 8s),STEP 1: Core Startup | STEP 2: Harvester Deployment | STEP 3: Intake Acceleration | STEP 4: Processing Wave | STEP 5: Full Output Stabilization. Camera smoothly pans across The Monsoon Harvesting Ark for 8 seconds.,,,,video,,8.0,en,ready,1,,2026-08-16 16:33:35.904274,2026-08-16 16:33:35.904274,6,Level 6 - LEVEL 6 ESCALATION,8s_5_step_hud_popup,131
133,f9e88615-e9fc-49b9-9be1-98b47837eeac,4,image_prompt,The Monsoon Harvesting Ark - Level 7 - LEVEL 7 ESCALATION (Image),Layer 1: Core The Monsoon Harvesting Ark titan subject. Layer 2: Paddy Harvesting environment. Layer 3: Titanic chassis architecture. Layer 4: Quantum energy field glows. Layer 5: 16k photorealistic cinematic camera framing.,,,,image,16:9,,en,ready,1,,2026-08-16 16:33:35.918411,2026-08-16 16:33:35.918411,7,Level 7 - LEVEL 7 ESCALATION,5_layer_montage,
134,e8bac7a6-f7bc-46aa-9cea-bff11455e864,4,video_prompt,The Monsoon Harvesting Ark - Level 7 - LEVEL 7 ESCALATION (Video 8s),STEP 1: Core Startup | STEP 2: Harvester Deployment | STEP 3: Intake Acceleration | STEP 4: Processing Wave | STEP 5: Full Output Stabilization. Camera smoothly pans across The Monsoon Harvesting Ark for 8 seconds.,,,,video,,8.0,en,ready,1,,2026-08-16 16:33:35.932266,2026-08-16 16:33:35.933272,7,Level 7 - LEVEL 7 ESCALATION,8s_5_step_hud_popup,133
135,f77aafe8-3a5c-4698-b0f7-39623753aed5,4,image_prompt,The Monsoon Harvesting Ark - Level 8 - LEVEL 8 ESCALATION (Image),Layer 1: Core The Monsoon Harvesting Ark titan subject. Layer 2: Paddy Harvesting environment. Layer 3: Titanic chassis architecture. Layer 4: Quantum energy field glows. Layer 5: 16k photorealistic cinematic camera framing.,,,,image,16:9,,en,ready,1,,2026-08-16 16:33:35.948266,2026-08-16 16:33:35.948266,8,Level 8 - LEVEL 8 ESCALATION,5_layer_montage,
136,4202508f-517e-4805-85ae-9c556f8db60c,4,video_prompt,The Monsoon Harvesting Ark - Level 8 - LEVEL 8 ESCALATION (Video 8s),STEP 1: Core Startup | STEP 2: Harvester Deployment | STEP 3: Intake Acceleration | STEP 4: Processing Wave | STEP 5: Full Output Stabilization. Camera smoothly pans across The Monsoon Harvesting Ark for 8 seconds.,,,,video,,8.0,en,ready,1,,2026-08-16 16:33:35.959075,2026-08-16 16:33:35.959075,8,Level 8 - LEVEL 8 ESCALATION,8s_5_step_hud_popup,135
137,23d3b5a9-3109-4455-831d-13961028ac55,4,image_prompt,The Monsoon Harvesting Ark - Level 9 - LEVEL 9 ESCALATION (Image),Layer 1: Core The Monsoon Harvesting Ark titan subject. Layer 2: Paddy Harvesting environment. Layer 3: Titanic chassis architecture. Layer 4: Quantum energy field glows. Layer 5: 16k photorealistic cinematic camera framing.,,,,image,16:9,,en,ready,1,,2026-08-16 16:33:35.970028,2026-08-16 16:33:35.970028,9,Level 9 - LEVEL 9 ESCALATION,5_layer_montage,
138,a98ecf77-5ad2-43dc-b56f-1e8c7df2bd70,4,video_prompt,The Monsoon Harvesting Ark - Level 9 - LEVEL 9 ESCALATION (Video 8s),STEP 1: Core Startup | STEP 2: Harvester Deployment | STEP 3: Intake Acceleration | STEP 4: Processing Wave | STEP 5: Full Output Stabilization. Camera smoothly pans across The Monsoon Harvesting Ark for 8 seconds.,,,,video,,8.0,en,ready,1,,2026-08-16 16:33:35.980028,2026-08-16 16:33:35.980028,9,Level 9 - LEVEL 9 ESCALATION,8s_5_step_hud_popup,137
139,f2e4f4ec-e348-4e40-899e-8d680f1ecbd6,4,image_prompt,The Monsoon Harvesting Ark - Level 10 - ALIEN LEVEL / MAXIMUM (Image),Layer 1: Core The Monsoon Harvesting Ark titan subject. Layer 2: Paddy Harvesting environment. Layer 3: Titanic chassis architecture. Layer 4: Quantum energy field glows. Layer 5: 16k photorealistic cinematic camera framing.,,,,image,16:9,,en,ready,1,,2026-08-16 16:33:35.991671,2026-08-16 16:33:35.991671,10,Level 10 - ALIEN LEVEL / MAXIMUM,5_layer_montage,
140,6b2c9b4f-0edc-4ae1-bba6-9daabdc16eb7,4,video_prompt,The Monsoon Harvesting Ark - Level 10 - ALIEN LEVEL / MAXIMUM (Video 8s),STEP 1: Core Startup | STEP 2: Harvester Deployment | STEP 3: Intake Acceleration | STEP 4: Processing Wave | STEP 5: Full Output Stabilization. Camera smoothly pans across The Monsoon Harvesting Ark for 8 seconds.,,,,video,,8.0,en,ready,1,,2026-08-16 16:33:36.009467,2026-08-16 16:33:36.009467,10,Level 10 - ALIEN LEVEL / MAXIMUM,8s_5_step_hud_popup,139
141,211c189d-7878-4b4e-acc8-e11902581c88,23,image_prompt,Colossal Corn Thresher Titan - Level 1 - BASIC (Image),Layer 1: Core Colossal Corn Thresher Titan titan subject. Layer 2: Corn Field environment. Layer 3: Titanic chassis architecture. Layer 4: Quantum energy field glows. Layer 5: 16k photorealistic cinematic camera framing.,,,,image,16:9,,en,ready,1,,2026-08-16 18:16:18.060107,2026-08-16 18:16:18.060107,1,Level 1 - BASIC,5_layer_montage,
142,d87840da-56af-413c-b8ee-db6e538dcfcb,23,video_prompt,Colossal Corn Thresher Titan - Level 1 - BASIC (Video 8s),STEP 1: Core Startup | STEP 2: Harvester Deployment | STEP 3: Intake Acceleration | STEP 4: Processing Wave | STEP 5: Full Output Stabilization. Camera smoothly pans across Colossal Corn Thresher Titan for 8 seconds.,,,,video,,8.0,en,ready,1,,2026-08-16 18:16:18.080101,2026-08-16 18:16:18.080101,1,Level 1 - BASIC,8s_5_step_hud_popup,141
143,435c2a56-4c07-422c-9fc0-76e39e93505c,23,image_prompt,Colossal Corn Thresher Titan - Level 2 - LEVEL 2 ESCALATION (Image),Layer 1: Core Colossal Corn Thresher Titan titan subject. Layer 2: Corn Field environment. Layer 3: Titanic chassis architecture. Layer 4: Quantum energy field glows. Layer 5: 16k photorealistic cinematic camera framing.,,,,image,16:9,,en,ready,1,,2026-08-16 18:16:18.090106,2026-08-16 18:16:18.090106,2,Level 2 - LEVEL 2 ESCALATION,5_layer_montage,
144,202676ad-6da3-47f8-ac09-456082d01b2e,23,video_prompt,Colossal Corn Thresher Titan - Level 2 - LEVEL 2 ESCALATION (Video 8s),STEP 1: Core Startup | STEP 2: Harvester Deployment | STEP 3: Intake Acceleration | STEP 4: Processing Wave | STEP 5: Full Output Stabilization. Camera smoothly pans across Colossal Corn Thresher Titan for 8 seconds.,,,,video,,8.0,en,ready,1,,2026-08-16 18:16:18.102107,2026-08-16 18:16:18.102107,2,Level 2 - LEVEL 2 ESCALATION,8s_5_step_hud_popup,143
145,caae8b4c-4a01-4d08-af2a-e5a137793bf4,23,image_prompt,Colossal Corn Thresher Titan - Level 3 - LEVEL 3 ESCALATION (Image),Layer 1: Core Colossal Corn Thresher Titan titan subject. Layer 2: Corn Field environment. Layer 3: Titanic chassis architecture. Layer 4: Quantum energy field glows. Layer 5: 16k photorealistic cinematic camera framing.,,,,image,16:9,,en,ready,1,,2026-08-16 18:16:18.114105,2026-08-16 18:16:18.114105,3,Level 3 - LEVEL 3 ESCALATION,5_layer_montage,
146,d5e105f2-925b-4fa1-83bd-d0838f4a209f,23,video_prompt,Colossal Corn Thresher Titan - Level 3 - LEVEL 3 ESCALATION (Video 8s),STEP 1: Core Startup | STEP 2: Harvester Deployment | STEP 3: Intake Acceleration | STEP 4: Processing Wave | STEP 5: Full Output Stabilization. Camera smoothly pans across Colossal Corn Thresher Titan for 8 seconds.,,,,video,,8.0,en,ready,1,,2026-08-16 18:16:18.125106,2026-08-16 18:16:18.125106,3,Level 3 - LEVEL 3 ESCALATION,8s_5_step_hud_popup,145
147,61771662-9f9b-4ac8-af67-688dd22edbb2,23,image_prompt,Colossal Corn Thresher Titan - Level 4 - LEVEL 4 ESCALATION (Image),Layer 1: Core Colossal Corn Thresher Titan titan subject. Layer 2: Corn Field environment. Layer 3: Titanic chassis architecture. Layer 4: Quantum energy field glows. Layer 5: 16k photorealistic cinematic camera framing.,,,,image,16:9,,en,ready,1,,2026-08-16 18:16:18.137338,2026-08-16 18:16:18.137338,4,Level 4 - LEVEL 4 ESCALATION,5_layer_montage,
148,574d8cb0-e4f3-4a96-a29b-05c4864a8cf7,23,video_prompt,Colossal Corn Thresher Titan - Level 4 - LEVEL 4 ESCALATION (Video 8s),STEP 1: Core Startup | STEP 2: Harvester Deployment | STEP 3: Intake Acceleration | STEP 4: Processing Wave | STEP 5: Full Output Stabilization. Camera smoothly pans across Colossal Corn Thresher Titan for 8 seconds.,,,,video,,8.0,en,ready,1,,2026-08-16 18:16:18.154147,2026-08-16 18:16:18.154147,4,Level 4 - LEVEL 4 ESCALATION,8s_5_step_hud_popup,147
149,8309baa2-5fc7-4015-8528-fe2b3ddf2678,23,image_prompt,Colossal Corn Thresher Titan - Level 5 - LEVEL 5 ESCALATION (Image),Layer 1: Core Colossal Corn Thresher Titan titan subject. Layer 2: Corn Field environment. Layer 3: Titanic chassis architecture. Layer 4: Quantum energy field glows. Layer 5: 16k photorealistic cinematic camera framing.,,,,image,16:9,,en,ready,1,,2026-08-16 18:16:18.170145,2026-08-16 18:16:18.170145,5,Level 5 - LEVEL 5 ESCALATION,5_layer_montage,
150,b8fc8744-cc08-4d65-8d2b-75af6151fce5,23,video_prompt,Colossal Corn Thresher Titan - Level 5 - LEVEL 5 ESCALATION (Video 8s),STEP 1: Core Startup | STEP 2: Harvester Deployment | STEP 3: Intake Acceleration | STEP 4: Processing Wave | STEP 5: Full Output Stabilization. Camera smoothly pans across Colossal Corn Thresher Titan for 8 seconds.,,,,video,,8.0,en,ready,1,,2026-08-16 18:16:18.185001,2026-08-16 18:16:18.186002,5,Level 5 - LEVEL 5 ESCALATION,8s_5_step_hud_popup,149
151,fd5d59e5-17cb-410f-a73e-e8bfdfa4b2ee,23,image_prompt,Colossal Corn Thresher Titan - Level 6 - LEVEL 6 ESCALATION (Image),Layer 1: Core Colossal Corn Thresher Titan titan subject. Layer 2: Corn Field environment. Layer 3: Titanic chassis architecture. Layer 4: Quantum energy field glows. Layer 5: 16k photorealistic cinematic camera framing.,,,,image,16:9,,en,ready,1,,2026-08-16 18:16:18.200720,2026-08-16 18:16:18.200720,6,Level 6 - LEVEL 6 ESCALATION,5_layer_montage,
152,09e95123-55ed-4957-a657-5a5c9a5917e2,23,video_prompt,Colossal Corn Thresher Titan - Level 6 - LEVEL 6 ESCALATION (Video 8s),STEP 1: Core Startup | STEP 2: Harvester Deployment | STEP 3: Intake Acceleration | STEP 4: Processing Wave | STEP 5: Full Output Stabilization. Camera smoothly pans across Colossal Corn Thresher Titan for 8 seconds.,,,,video,,8.0,en,ready,1,,2026-08-16 18:16:18.212719,2026-08-16 18:16:18.212719,6,Level 6 - LEVEL 6 ESCALATION,8s_5_step_hud_popup,151
153,368238a8-3d15-4505-a0cb-184b7ff8a48a,23,image_prompt,Colossal Corn Thresher Titan - Level 7 - LEVEL 7 ESCALATION (Image),Layer 1: Core Colossal Corn Thresher Titan titan subject. Layer 2: Corn Field environment. Layer 3: Titanic chassis architecture. Layer 4: Quantum energy field glows. Layer 5: 16k photorealistic cinematic camera framing.,,,,image,16:9,,en,ready,1,,2026-08-16 18:16:18.222706,2026-08-16 18:16:18.222706,7,Level 7 - LEVEL 7 ESCALATION,5_layer_montage,
154,02df5c5a-4ace-498d-a229-80d7751e1469,23,video_prompt,Colossal Corn Thresher Titan - Level 7 - LEVEL 7 ESCALATION (Video 8s),STEP 1: Core Startup | STEP 2: Harvester Deployment | STEP 3: Intake Acceleration | STEP 4: Processing Wave | STEP 5: Full Output Stabilization. Camera smoothly pans across Colossal Corn Thresher Titan for 8 seconds.,,,,video,,8.0,en,ready,1,,2026-08-16 18:16:18.233709,2026-08-16 18:16:18.233709,7,Level 7 - LEVEL 7 ESCALATION,8s_5_step_hud_popup,153
155,9bfb3f75-8552-4876-a4d2-5f3de365c0c9,23,image_prompt,Colossal Corn Thresher Titan - Level 8 - LEVEL 8 ESCALATION (Image),Layer 1: Core Colossal Corn Thresher Titan titan subject. Layer 2: Corn Field environment. Layer 3: Titanic chassis architecture. Layer 4: Quantum energy field glows. Layer 5: 16k photorealistic cinematic camera framing.,,,,image,16:9,,en,ready,1,,2026-08-16 18:16:18.246840,2026-08-16 18:16:18.246840,8,Level 8 - LEVEL 8 ESCALATION,5_layer_montage,
156,ee865ac5-6821-4ea3-8f11-1379e82e8b9c,23,video_prompt,Colossal Corn Thresher Titan - Level 8 - LEVEL 8 ESCALATION (Video 8s),STEP 1: Core Startup | STEP 2: Harvester Deployment | STEP 3: Intake Acceleration | STEP 4: Processing Wave | STEP 5: Full Output Stabilization. Camera smoothly pans across Colossal Corn Thresher Titan for 8 seconds.,,,,video,,8.0,en,ready,1,,2026-08-16 18:16:18.257848,2026-08-16 18:16:18.257848,8,Level 8 - LEVEL 8 ESCALATION,8s_5_step_hud_popup,155
157,0df38399-7276-4924-853a-9fa594873cd1,23,image_prompt,Colossal Corn Thresher Titan - Level 9 - LEVEL 9 ESCALATION (Image),Layer 1: Core Colossal Corn Thresher Titan titan subject. Layer 2: Corn Field environment. Layer 3: Titanic chassis architecture. Layer 4: Quantum energy field glows. Layer 5: 16k photorealistic cinematic camera framing.,,,,image,16:9,,en,ready,1,,2026-08-16 18:16:18.273837,2026-08-16 18:16:18.273837,9,Level 9 - LEVEL 9 ESCALATION,5_layer_montage,
158,3a7824ac-a003-4068-9b1a-cbaf40c6f75a,23,video_prompt,Colossal Corn Thresher Titan - Level 9 - LEVEL 9 ESCALATION (Video 8s),STEP 1: Core Startup | STEP 2: Harvester Deployment | STEP 3: Intake Acceleration | STEP 4: Processing Wave | STEP 5: Full Output Stabilization. Camera smoothly pans across Colossal Corn Thresher Titan for 8 seconds.,,,,video,,8.0,en,ready,1,,2026-08-16 18:16:18.289839,2026-08-16 18:16:18.289839,9,Level 9 - LEVEL 9 ESCALATION,8s_5_step_hud_popup,157
159,0405586c-7611-4de7-947b-8a817ae368f2,23,image_prompt,Colossal Corn Thresher Titan - Level 10 - ALIEN LEVEL / MAXIMUM (Image),Layer 1: Core Colossal Corn Thresher Titan titan subject. Layer 2: Corn Field environment. Layer 3: Titanic chassis architecture. Layer 4: Quantum energy field glows. Layer 5: 16k photorealistic cinematic camera framing.,,,,image,16:9,,en,ready,1,,2026-08-16 18:16:18.305841,2026-08-16 18:16:18.305841,10,Level 10 - ALIEN LEVEL / MAXIMUM,5_layer_montage,
160,7401f95d-2621-4ead-a522-63ae0ef42c92,23,video_prompt,Colossal Corn Thresher Titan - Level 10 - ALIEN LEVEL / MAXIMUM (Video 8s),STEP 1: Core Startup | STEP 2: Harvester Deployment | STEP 3: Intake Acceleration | STEP 4: Processing Wave | STEP 5: Full Output Stabilization. Camera smoothly pans across Colossal Corn Thresher Titan for 8 seconds.,,,,video,,8.0,en,ready,1,,2026-08-16 18:16:18.320846,2026-08-16 18:16:18.320846,10,Level 10 - ALIEN LEVEL / MAXIMUM,8s_5_step_hud_popup,159
161,e9aee00a-d059-4859-96ae-7192d021b143,5,image_prompt,Paddy Ring Megaharvester - Level 1 - BASIC (Image),Layer 1: Core Paddy Ring Megaharvester titan subject. Layer 2: Paddy Harvesting environment. Layer 3: Titanic chassis architecture. Layer 4: Quantum energy field glows. Layer 5: 16k photorealistic cinematic camera framing.,,,,image,16:9,,en,ready,1,,2026-08-16 18:16:25.266035,2026-08-16 18:16:25.266035,1,Level 1 - BASIC,5_layer_montage,
162,45a087ae-b807-4811-a188-f25eba2d8c94,5,video_prompt,Paddy Ring Megaharvester - Level 1 - BASIC (Video 8s),STEP 1: Core Startup | STEP 2: Harvester Deployment | STEP 3: Intake Acceleration | STEP 4: Processing Wave | STEP 5: Full Output Stabilization. Camera smoothly pans across Paddy Ring Megaharvester for 8 seconds.,,,,video,,8.0,en,ready,1,,2026-08-16 18:16:25.281943,2026-08-16 18:16:25.282943,1,Level 1 - BASIC,8s_5_step_hud_popup,161
163,046c5750-4cdf-428e-a754-d445ff6e7b90,5,image_prompt,Paddy Ring Megaharvester - Level 2 - LEVEL 2 ESCALATION (Image),Layer 1: Core Paddy Ring Megaharvester titan subject. Layer 2: Paddy Harvesting environment. Layer 3: Titanic chassis architecture. Layer 4: Quantum energy field glows. Layer 5: 16k photorealistic cinematic camera framing.,,,,image,16:9,,en,ready,1,,2026-08-16 18:16:25.291948,2026-08-16 18:16:25.291948,2,Level 2 - LEVEL 2 ESCALATION,5_layer_montage,
164,b6e43914-7132-412c-9a09-d74ef00f4a03,5,video_prompt,Paddy Ring Megaharvester - Level 2 - LEVEL 2 ESCALATION (Video 8s),STEP 1: Core Startup | STEP 2: Harvester Deployment | STEP 3: Intake Acceleration | STEP 4: Processing Wave | STEP 5: Full Output Stabilization. Camera smoothly pans across Paddy Ring Megaharvester for 8 seconds.,,,,video,,8.0,en,ready,1,,2026-08-16 18:16:25.299940,2026-08-16 18:16:25.300941,2,Level 2 - LEVEL 2 ESCALATION,8s_5_step_hud_popup,163
165,1ac8a22e-83b6-4aba-b98a-0eb40f5249c9,5,image_prompt,Paddy Ring Megaharvester - Level 3 - LEVEL 3 ESCALATION (Image),Layer 1: Core Paddy Ring Megaharvester titan subject. Layer 2: Paddy Harvesting environment. Layer 3: Titanic chassis architecture. Layer 4: Quantum energy field glows. Layer 5: 16k photorealistic cinematic camera framing.,,,,image,16:9,,en,ready,1,,2026-08-16 18:16:25.309940,2026-08-16 18:16:25.309940,3,Level 3 - LEVEL 3 ESCALATION,5_layer_montage,
166,61ebb45b-5d90-4918-883a-35121f2549f7,5,video_prompt,Paddy Ring Megaharvester - Level 3 - LEVEL 3 ESCALATION (Video 8s),STEP 1: Core Startup | STEP 2: Harvester Deployment | STEP 3: Intake Acceleration | STEP 4: Processing Wave | STEP 5: Full Output Stabilization. Camera smoothly pans across Paddy Ring Megaharvester for 8 seconds.,,,,video,,8.0,en,ready,1,,2026-08-16 18:16:25.321943,2026-08-16 18:16:25.321943,3,Level 3 - LEVEL 3 ESCALATION,8s_5_step_hud_popup,165
167,fb944c42-100b-4ab0-be2a-4d1346e777b0,5,image_prompt,Paddy Ring Megaharvester - Level 4 - LEVEL 4 ESCALATION (Image),Layer 1: Core Paddy Ring Megaharvester titan subject. Layer 2: Paddy Harvesting environment. Layer 3: Titanic chassis architecture. Layer 4: Quantum energy field glows. Layer 5: 16k photorealistic cinematic camera framing.,,,,image,16:9,,en,ready,1,,2026-08-16 18:16:25.338224,2026-08-16 18:16:25.338224,4,Level 4 - LEVEL 4 ESCALATION,5_layer_montage,
168,9345867f-788b-4b23-8921-b03e3b79b31e,5,video_prompt,Paddy Ring Megaharvester - Level 4 - LEVEL 4 ESCALATION (Video 8s),STEP 1: Core Startup | STEP 2: Harvester Deployment | STEP 3: Intake Acceleration | STEP 4: Processing Wave | STEP 5: Full Output Stabilization. Camera smoothly pans across Paddy Ring Megaharvester for 8 seconds.,,,,video,,8.0,en,ready,1,,2026-08-16 18:16:25.354210,2026-08-16 18:16:25.355216,4,Level 4 - LEVEL 4 ESCALATION,8s_5_step_hud_popup,167
169,cc98c165-0173-41fc-9fd9-5e31dafe008a,5,image_prompt,Paddy Ring Megaharvester - Level 5 - LEVEL 5 ESCALATION (Image),Layer 1: Core Paddy Ring Megaharvester titan subject. Layer 2: Paddy Harvesting environment. Layer 3: Titanic chassis architecture. Layer 4: Quantum energy field glows. Layer 5: 16k photorealistic cinematic camera framing.,,,,image,16:9,,en,ready,1,,2026-08-16 18:16:25.368163,2026-08-16 18:16:25.368163,5,Level 5 - LEVEL 5 ESCALATION,5_layer_montage,
170,4a1a2e31-bd17-4b6e-80b5-cbce2f982f0a,5,video_prompt,Paddy Ring Megaharvester - Level 5 - LEVEL 5 ESCALATION (Video 8s),STEP 1: Core Startup | STEP 2: Harvester Deployment | STEP 3: Intake Acceleration | STEP 4: Processing Wave | STEP 5: Full Output Stabilization. Camera smoothly pans across Paddy Ring Megaharvester for 8 seconds.,,,,video,,8.0,en,ready,1,,2026-08-16 18:16:25.380679,2026-08-16 18:16:25.380679,5,Level 5 - LEVEL 5 ESCALATION,8s_5_step_hud_popup,169
171,64657e6d-52f3-448a-9ec2-5c569f04730f,5,image_prompt,Paddy Ring Megaharvester - Level 6 - LEVEL 6 ESCALATION (Image),Layer 1: Core Paddy Ring Megaharvester titan subject. Layer 2: Paddy Harvesting environment. Layer 3: Titanic chassis architecture. Layer 4: Quantum energy field glows. Layer 5: 16k photorealistic cinematic camera framing.,,,,image,16:9,,en,ready,1,,2026-08-16 18:16:25.390676,2026-08-16 18:16:25.390676,6,Level 6 - LEVEL 6 ESCALATION,5_layer_montage,
172,ea3ca697-3292-4726-a1da-07d0ec221141,5,video_prompt,Paddy Ring Megaharvester - Level 6 - LEVEL 6 ESCALATION (Video 8s),STEP 1: Core Startup | STEP 2: Harvester Deployment | STEP 3: Intake Acceleration | STEP 4: Processing Wave | STEP 5: Full Output Stabilization. Camera smoothly pans across Paddy Ring Megaharvester for 8 seconds.,,,,video,,8.0,en,ready,1,,2026-08-16 18:16:25.399805,2026-08-16 18:16:25.399805,6,Level 6 - LEVEL 6 ESCALATION,8s_5_step_hud_popup,171
173,5b9edc6b-ca1d-41bc-b1ef-f2c374e1668e,5,image_prompt,Paddy Ring Megaharvester - Level 7 - LEVEL 7 ESCALATION (Image),Layer 1: Core Paddy Ring Megaharvester titan subject. Layer 2: Paddy Harvesting environment. Layer 3: Titanic chassis architecture. Layer 4: Quantum energy field glows. Layer 5: 16k photorealistic cinematic camera framing.,,,,image,16:9,,en,ready,1,,2026-08-16 18:16:25.408804,2026-08-16 18:16:25.408804,7,Level 7 - LEVEL 7 ESCALATION,5_layer_montage,
174,c585df45-49c2-47af-858a-ed61f64d4aa7,5,video_prompt,Paddy Ring Megaharvester - Level 7 - LEVEL 7 ESCALATION (Video 8s),STEP 1: Core Startup | STEP 2: Harvester Deployment | STEP 3: Intake Acceleration | STEP 4: Processing Wave | STEP 5: Full Output Stabilization. Camera smoothly pans across Paddy Ring Megaharvester for 8 seconds.,,,,video,,8.0,en,ready,1,,2026-08-16 18:16:25.416805,2026-08-16 18:16:25.416805,7,Level 7 - LEVEL 7 ESCALATION,8s_5_step_hud_popup,173
175,bf744d8c-cc3d-4774-aa79-ec6417c8bdf1,5,image_prompt,Paddy Ring Megaharvester - Level 8 - LEVEL 8 ESCALATION (Image),Layer 1: Core Paddy Ring Megaharvester titan subject. Layer 2: Paddy Harvesting environment. Layer 3: Titanic chassis architecture. Layer 4: Quantum energy field glows. Layer 5: 16k photorealistic cinematic camera framing.,,,,image,16:9,,en,ready,1,,2026-08-16 18:16:25.425804,2026-08-16 18:16:25.425804,8,Level 8 - LEVEL 8 ESCALATION,5_layer_montage,
176,57d87330-daeb-4681-9599-46fe0e7219de,5,video_prompt,Paddy Ring Megaharvester - Level 8 - LEVEL 8 ESCALATION (Video 8s),STEP 1: Core Startup | STEP 2: Harvester Deployment | STEP 3: Intake Acceleration | STEP 4: Processing Wave | STEP 5: Full Output Stabilization. Camera smoothly pans across Paddy Ring Megaharvester for 8 seconds.,,,,video,,8.0,en,ready,1,,2026-08-16 18:16:25.439805,2026-08-16 18:16:25.439805,8,Level 8 - LEVEL 8 ESCALATION,8s_5_step_hud_popup,175
177,f7c8a7e0-90e2-420b-9c5d-b9f377f34f74,5,image_prompt,Paddy Ring Megaharvester - Level 9 - LEVEL 9 ESCALATION (Image),Layer 1: Core Paddy Ring Megaharvester titan subject. Layer 2: Paddy Harvesting environment. Layer 3: Titanic chassis architecture. Layer 4: Quantum energy field glows. Layer 5: 16k photorealistic cinematic camera framing.,,,,image,16:9,,en,ready,1,,2026-08-16 18:16:25.449003,2026-08-16 18:16:25.449003,9,Level 9 - LEVEL 9 ESCALATION,5_layer_montage,
178,e54f2961-ba4f-4420-9eb5-c95665351075,5,video_prompt,Paddy Ring Megaharvester - Level 9 - LEVEL 9 ESCALATION (Video 8s),STEP 1: Core Startup | STEP 2: Harvester Deployment | STEP 3: Intake Acceleration | STEP 4: Processing Wave | STEP 5: Full Output Stabilization. Camera smoothly pans across Paddy Ring Megaharvester for 8 seconds.,,,,video,,8.0,en,ready,1,,2026-08-16 18:16:25.457569,2026-08-16 18:16:25.457569,9,Level 9 - LEVEL 9 ESCALATION,8s_5_step_hud_popup,177
179,2c409071-0a54-4d76-bdbf-aedb18c1ab5f,5,image_prompt,Paddy Ring Megaharvester - Level 10 - ALIEN LEVEL / MAXIMUM (Image),Layer 1: Core Paddy Ring Megaharvester titan subject. Layer 2: Paddy Harvesting environment. Layer 3: Titanic chassis architecture. Layer 4: Quantum energy field glows. Layer 5: 16k photorealistic cinematic camera framing.,,,,image,16:9,,en,ready,1,,2026-08-16 18:16:25.471145,2026-08-16 18:16:25.471145,10,Level 10 - ALIEN LEVEL / MAXIMUM,5_layer_montage,
180,f0fdcef0-8acf-454e-9995-69a1903155d1,5,video_prompt,Paddy Ring Megaharvester - Level 10 - ALIEN LEVEL / MAXIMUM (Video 8s),STEP 1: Core Startup | STEP 2: Harvester Deployment | STEP 3: Intake Acceleration | STEP 4: Processing Wave | STEP 5: Full Output Stabilization. Camera smoothly pans across Paddy Ring Megaharvester for 8 seconds.,,,,video,,8.0,en,ready,1,,2026-08-16 18:16:25.484750,2026-08-16 18:16:25.484750,10,Level 10 - ALIEN LEVEL / MAXIMUM,8s_5_step_hud_popup,179
181,682adc22-e9ab-474a-b40c-a189e714f9e1,6,image_prompt,Sky Reaper Rice Fortress - Level 1 - BASIC (Image),Layer 1: Core Sky Reaper Rice Fortress titan subject. Layer 2: Paddy Harvesting environment. Layer 3: Titanic chassis architecture. Layer 4: Quantum energy field glows. Layer 5: 16k photorealistic cinematic camera framing.,,,,image,16:9,,en,ready,1,,2026-08-16 18:16:34.956862,2026-08-16 18:16:34.956862,1,Level 1 - BASIC,5_layer_montage,
182,99e6bc1a-1003-4d31-8c62-270b8b5856e7,6,video_prompt,Sky Reaper Rice Fortress - Level 1 - BASIC (Video 8s),STEP 1: Core Startup | STEP 2: Harvester Deployment | STEP 3: Intake Acceleration | STEP 4: Processing Wave | STEP 5: Full Output Stabilization. Camera smoothly pans across Sky Reaper Rice Fortress for 8 seconds.,,,,video,,8.0,en,ready,1,,2026-08-16 18:16:34.984280,2026-08-16 18:16:34.984296,1,Level 1 - BASIC,8s_5_step_hud_popup,181
183,dccf36d8-410a-4bf3-92a0-c76e7cb8df08,6,image_prompt,Sky Reaper Rice Fortress - Level 2 - LEVEL 2 ESCALATION (Image),Layer 1: Core Sky Reaper Rice Fortress titan subject. Layer 2: Paddy Harvesting environment. Layer 3: Titanic chassis architecture. Layer 4: Quantum energy field glows. Layer 5: 16k photorealistic cinematic camera framing.,,,,image,16:9,,en,ready,1,,2026-08-16 18:16:34.996426,2026-08-16 18:16:34.996511,2,Level 2 - LEVEL 2 ESCALATION,5_layer_montage,
184,907e2adc-e4d3-40e7-b170-0955aeae63e7,6,video_prompt,Sky Reaper Rice Fortress - Level 2 - LEVEL 2 ESCALATION (Video 8s),STEP 1: Core Startup | STEP 2: Harvester Deployment | STEP 3: Intake Acceleration | STEP 4: Processing Wave | STEP 5: Full Output Stabilization. Camera smoothly pans across Sky Reaper Rice Fortress for 8 seconds.,,,,video,,8.0,en,ready,1,,2026-08-16 18:16:35.008164,2026-08-16 18:16:35.008164,2,Level 2 - LEVEL 2 ESCALATION,8s_5_step_hud_popup,183
185,25e91d76-a9d0-4225-9676-d526d86d1637,6,image_prompt,Sky Reaper Rice Fortress - Level 3 - LEVEL 3 ESCALATION (Image),Layer 1: Core Sky Reaper Rice Fortress titan subject. Layer 2: Paddy Harvesting environment. Layer 3: Titanic chassis architecture. Layer 4: Quantum energy field glows. Layer 5: 16k photorealistic cinematic camera framing.,,,,image,16:9,,en,ready,1,,2026-08-16 18:16:35.018167,2026-08-16 18:16:35.019169,3,Level 3 - LEVEL 3 ESCALATION,5_layer_montage,
186,06403b04-c4e9-4bae-aa5f-5781260cc4a3,6,video_prompt,Sky Reaper Rice Fortress - Level 3 - LEVEL 3 ESCALATION (Video 8s),STEP 1: Core Startup | STEP 2: Harvester Deployment | STEP 3: Intake Acceleration | STEP 4: Processing Wave | STEP 5: Full Output Stabilization. Camera smoothly pans across Sky Reaper Rice Fortress for 8 seconds.,,,,video,,8.0,en,ready,1,,2026-08-16 18:16:35.029831,2026-08-16 18:16:35.029831,3,Level 3 - LEVEL 3 ESCALATION,8s_5_step_hud_popup,185
187,6face706-60d5-432c-a68d-930f7fa1f95b,6,image_prompt,Sky Reaper Rice Fortress - Level 4 - LEVEL 4 ESCALATION (Image),Layer 1: Core Sky Reaper Rice Fortress titan subject. Layer 2: Paddy Harvesting environment. Layer 3: Titanic chassis architecture. Layer 4: Quantum energy field glows. Layer 5: 16k photorealistic cinematic camera framing.,,,,image,16:9,,en,ready,1,,2026-08-16 18:16:35.045830,2026-08-16 18:16:35.045830,4,Level 4 - LEVEL 4 ESCALATION,5_layer_montage,
188,e1eefad3-282a-40ae-8c75-e0bce4258d19,6,video_prompt,Sky Reaper Rice Fortress - Level 4 - LEVEL 4 ESCALATION (Video 8s),STEP 1: Core Startup | STEP 2: Harvester Deployment | STEP 3: Intake Acceleration | STEP 4: Processing Wave | STEP 5: Full Output Stabilization. Camera smoothly pans across Sky Reaper Rice Fortress for 8 seconds.,,,,video,,8.0,en,ready,1,,2026-08-16 18:16:35.061830,2026-08-16 18:16:35.061830,4,Level 4 - LEVEL 4 ESCALATION,8s_5_step_hud_popup,187
189,599a7222-a8e3-4f03-8ade-5145643bcdd1,6,image_prompt,Sky Reaper Rice Fortress - Level 5 - LEVEL 5 ESCALATION (Image),Layer 1: Core Sky Reaper Rice Fortress titan subject. Layer 2: Paddy Harvesting environment. Layer 3: Titanic chassis architecture. Layer 4: Quantum energy field glows. Layer 5: 16k photorealistic cinematic camera framing.,,,,image,16:9,,en,ready,1,,2026-08-16 18:16:35.079851,2026-08-16 18:16:35.079851,5,Level 5 - LEVEL 5 ESCALATION,5_layer_montage,
190,43e0b51f-8cdd-452d-b5f9-210fbd3c640b,6,video_prompt,Sky Reaper Rice Fortress - Level 5 - LEVEL 5 ESCALATION (Video 8s),STEP 1: Core Startup | STEP 2: Harvester Deployment | STEP 3: Intake Acceleration | STEP 4: Processing Wave | STEP 5: Full Output Stabilization. Camera smoothly pans across Sky Reaper Rice Fortress for 8 seconds.,,,,video,,8.0,en,ready,1,,2026-08-16 18:16:35.096678,2026-08-16 18:16:35.096678,5,Level 5 - LEVEL 5 ESCALATION,8s_5_step_hud_popup,189
191,5fab9a81-eeab-4a2a-be76-ca0493614f65,6,image_prompt,Sky Reaper Rice Fortress - Level 6 - LEVEL 6 ESCALATION (Image),Layer 1: Core Sky Reaper Rice Fortress titan subject. Layer 2: Paddy Harvesting environment. Layer 3: Titanic chassis architecture. Layer 4: Quantum energy field glows. Layer 5: 16k photorealistic cinematic camera framing.,,,,image,16:9,,en,ready,1,,2026-08-16 18:16:35.106682,2026-08-16 18:16:35.106682,6,Level 6 - LEVEL 6 ESCALATION,5_layer_montage,
192,f00e65f7-5cb6-47e9-b0b9-1cd5043ee42f,6,video_prompt,Sky Reaper Rice Fortress - Level 6 - LEVEL 6 ESCALATION (Video 8s),STEP 1: Core Startup | STEP 2: Harvester Deployment | STEP 3: Intake Acceleration | STEP 4: Processing Wave | STEP 5: Full Output Stabilization. Camera smoothly pans across Sky Reaper Rice Fortress for 8 seconds.,,,,video,,8.0,en,ready,1,,2026-08-16 18:16:35.116681,2026-08-16 18:16:35.116681,6,Level 6 - LEVEL 6 ESCALATION,8s_5_step_hud_popup,191
193,f37706c0-7df7-4a83-8260-d00c2c643932,6,image_prompt,Sky Reaper Rice Fortress - Level 7 - LEVEL 7 ESCALATION (Image),Layer 1: Core Sky Reaper Rice Fortress titan subject. Layer 2: Paddy Harvesting environment. Layer 3: Titanic chassis architecture. Layer 4: Quantum energy field glows. Layer 5: 16k photorealistic cinematic camera framing.,,,,image,16:9,,en,ready,1,,2026-08-16 18:16:35.126679,2026-08-16 18:16:35.126679,7,Level 7 - LEVEL 7 ESCALATION,5_layer_montage,
194,85b2d899-1cb0-434b-aa96-f9ee72c1d689,6,video_prompt,Sky Reaper Rice Fortress - Level 7 - LEVEL 7 ESCALATION (Video 8s),STEP 1: Core Startup | STEP 2: Harvester Deployment | STEP 3: Intake Acceleration | STEP 4: Processing Wave | STEP 5: Full Output Stabilization. Camera smoothly pans across Sky Reaper Rice Fortress for 8 seconds.,,,,video,,8.0,en,ready,1,,2026-08-16 18:16:35.136826,2026-08-16 18:16:35.136826,7,Level 7 - LEVEL 7 ESCALATION,8s_5_step_hud_popup,193
195,58a3da01-05c8-41ce-b433-4c8122927ef3,6,image_prompt,Sky Reaper Rice Fortress - Level 8 - LEVEL 8 ESCALATION (Image),Layer 1: Core Sky Reaper Rice Fortress titan subject. Layer 2: Paddy Harvesting environment. Layer 3: Titanic chassis architecture. Layer 4: Quantum energy field glows. Layer 5: 16k photorealistic cinematic camera framing.,,,,image,16:9,,en,ready,1,,2026-08-16 18:16:35.150016,2026-08-16 18:16:35.150016,8,Level 8 - LEVEL 8 ESCALATION,5_layer_montage,
196,d8c7d25a-ee19-4b22-bd49-16bb5f683e59,6,video_prompt,Sky Reaper Rice Fortress - Level 8 - LEVEL 8 ESCALATION (Video 8s),STEP 1: Core Startup | STEP 2: Harvester Deployment | STEP 3: Intake Acceleration | STEP 4: Processing Wave | STEP 5: Full Output Stabilization. Camera smoothly pans across Sky Reaper Rice Fortress for 8 seconds.,,,,video,,8.0,en,ready,1,,2026-08-16 18:16:35.167015,2026-08-16 18:16:35.167015,8,Level 8 - LEVEL 8 ESCALATION,8s_5_step_hud_popup,195
197,bbd72261-99e1-4dce-8cd4-9d9e949aebd6,6,image_prompt,Sky Reaper Rice Fortress - Level 9 - LEVEL 9 ESCALATION (Image),Layer 1: Core Sky Reaper Rice Fortress titan subject. Layer 2: Paddy Harvesting environment. Layer 3: Titanic chassis architecture. Layer 4: Quantum energy field glows. Layer 5: 16k photorealistic cinematic camera framing.,,,,image,16:9,,en,ready,1,,2026-08-16 18:16:35.185534,2026-08-16 18:16:35.185630,9,Level 9 - LEVEL 9 ESCALATION,5_layer_montage,
198,9856ba53-78a2-460e-8078-c268d29e75b5,6,video_prompt,Sky Reaper Rice Fortress - Level 9 - LEVEL 9 ESCALATION (Video 8s),STEP 1: Core Startup | STEP 2: Harvester Deployment | STEP 3: Intake Acceleration | STEP 4: Processing Wave | STEP 5: Full Output Stabilization. Camera smoothly pans across Sky Reaper Rice Fortress for 8 seconds.,,,,video,,8.0,en,ready,1,,2026-08-16 18:16:35.201903,2026-08-16 18:16:35.201903,9,Level 9 - LEVEL 9 ESCALATION,8s_5_step_hud_popup,197
199,e94ff6bd-a45e-4020-9c17-2584d667ca25,6,image_prompt,Sky Reaper Rice Fortress - Level 10 - ALIEN LEVEL / MAXIMUM (Image),Layer 1: Core Sky Reaper Rice Fortress titan subject. Layer 2: Paddy Harvesting environment. Layer 3: Titanic chassis architecture. Layer 4: Quantum energy field glows. Layer 5: 16k photorealistic cinematic camera framing.,,,,image,16:9,,en,ready,1,,2026-08-16 18:16:35.308260,2026-08-16 18:16:35.308260,10,Level 10 - ALIEN LEVEL / MAXIMUM,5_layer_montage,
200,83dbd80b-5bd1-42f4-a685-b9023896e3f5,6,video_prompt,Sky Reaper Rice Fortress - Level 10 - ALIEN LEVEL / MAXIMUM (Video 8s),STEP 1: Core Startup | STEP 2: Harvester Deployment | STEP 3: Intake Acceleration | STEP 4: Processing Wave | STEP 5: Full Output Stabilization. Camera smoothly pans across Sky Reaper Rice Fortress for 8 seconds.,,,,video,,8.0,en,ready,1,,2026-08-16 18:16:35.320261,2026-08-16 18:16:35.320261,10,Level 10 - ALIEN LEVEL / MAXIMUM,8s_5_step_hud_popup,199
201,b5dd79aa-55c4-4478-ac44-40bdab274df2,7,image_prompt,The Rice Comb Superstructure - Level 1 - BASIC (Image),"5-Layer Open Montage — Subject: A gigantic agricultural comb machine harvesting rice, thousands of evenly spaced metal teeth sweeping through mature golden paddy fields, miniature threshers integrated into each tooth; Environment: endless flat rice paddies under a clear rural sky, farmers and small tractors dwarfed by the machine; Architecture: enormous steel harvesting frame stretching across the horizon, modular tooth assemblies and conveyor channels; Energy/Physics: realistic mechanical motion, rotating threshing drums, rice stalks bending and flowing into collection channels, dust and chaff suspended naturally; Cinematic Presentation: epic wide-angle aerial composition, monumental scale contrast, golden-hour sunlight, volumetric atmosphere, hyper-detailed industrial realism, photorealistic, 16k.",,,,image,16:9,,en,ready,1,,2026-08-16 18:20:03.162651,2026-08-16 18:20:03.162651,1,Level 1 - BASIC,5_layer_montage,
202,1782efc3-a20e-47ec-aecb-33b968834ec9,7,video_prompt,The Rice Comb Superstructure - Level 1 - BASIC (Video 8s),"Exactly 8 seconds. Smooth continuous cinematic tracking shot alongside the enormous Rice Comb Superstructure advancing through golden rice paddies. Second 1: HUD popup — “STEP 1: ALIGN THE COMB.” Second 2: “STEP 2: LOWER HARVEST TEETH.” Second 3: “STEP 3: CUT THE RICE.” Second 4: “STEP 4: THRESH IN MOTION.” Second 5: “STEP 5: COLLECT GRAIN.” Seconds 6-8: maximum close-up, camera gliding inches beside one harvesting tooth as miniature blades, rollers, threshing drums, rice grains and chaff operate simultaneously; realistic mechanical vibration, dust particles, golden sunlight, continuous motion, cinematic 16k realism.",,,,video,,8.0,en,ready,1,,2026-08-16 18:20:03.185681,2026-08-16 18:20:03.185681,1,Level 1 - BASIC,8s_5_step_hud_popup,201
203,3b92741f-2bbd-4601-94f9-e6603d57132a,7,image_prompt,The Rice Comb Superstructure - Level 2 - INDUSTRIAL (Image),"5-Layer Open Montage — Subject: The Rice Comb becomes a colossal industrial harvesting organism with thousands of synchronized harvesting teeth, each containing visible miniature threshing machinery; Environment: multiple square kilometers of cultivated paddies filled with perfectly aligned rice rows, irrigation channels and tiny villages in the distance; Architecture: reinforced steel superstructure, elevated grain conveyors, maintenance platforms, articulated tooth modules and central processing towers; Energy/Physics: synchronized hydraulic pistons, rotating drums, conveyor belts, rice-fluid dynamics, swirling chaff clouds and mechanical momentum; Cinematic Presentation: ultra-wide panoramic aerial shot, dramatic low sun, metallic highlights, atmospheric haze, enormous scale, industrial documentary aesthetic, photorealistic 16k.",,,,image,16:9,,en,ready,1,,2026-08-16 18:20:03.198979,2026-08-16 18:20:03.198979,2,Level 2 - INDUSTRIAL,5_layer_montage,
204,12ce6cc8-5e9f-46a4-a486-7d881a9cc06c,7,video_prompt,The Rice Comb Superstructure - Level 2 - INDUSTRIAL (Video 8s),"Exactly 8 seconds. Continuous aerial-to-ground cinematic movement following the machine's forward advance. Second 1: HUD — “STEP 1: GRID LOCK.” Second 2: “STEP 2: TOOTH SYNCHRONIZATION.” Second 3: “STEP 3: MASS CUTTING.” Second 4: “STEP 4: MICRO-THRESHING.” Second 5: “STEP 5: GRAIN TRANSFER.” Seconds 6-8: maximum close-up on several neighboring teeth operating in perfect synchronization, hydraulic arms pumping, rice stems snapping, tiny threshers spinning and clean grains racing through transparent channels; smooth motion, realistic physics, cinematic depth of field, 16k.",,,,video,,8.0,en,ready,1,,2026-08-16 18:20:03.208503,2026-08-16 18:20:03.208503,2,Level 2 - INDUSTRIAL,8s_5_step_hud_popup,203
205,48ff2a53-63b7-4efe-9fdd-bf29a67a1e39,7,image_prompt,The Rice Comb Superstructure - Level 3 - MEGA-SCALE (Image),"5-Layer Open Montage — Subject: A continent-spanning Rice Comb Superstructure with millions of harvesting components operating as one machine, its immense comb teeth disappearing toward the horizon; Environment: a vast agricultural basin transformed into continuous rice cultivation, rivers, highways, towns and mountains appearing tiny beneath the machine; Architecture: gigantic truss arches, interlocking harvesting modules, elevated grain pipelines, mobile processing hubs and kilometer-long support structures; Energy/Physics: synchronized mechanical waves traveling across the comb, immense conveyor flows, hydraulic pressure networks, wind-driven chaff vortices and realistic structural stresses; Cinematic Presentation: satellite-like orbital perspective transitioning visually into an epic ground-level vista, monumental atmospheric perspective, sunrise illumination, photorealistic engineering detail, 16k.",,,,image,16:9,,en,ready,1,,2026-08-16 18:20:03.218314,2026-08-16 18:20:03.218314,3,Level 3 - MEGA-SCALE,5_layer_montage,
206,af779c14-bc37-4a76-90eb-0dd7f9090fe7,7,video_prompt,The Rice Comb Superstructure - Level 3 - MEGA-SCALE (Video 8s),"Exactly 8 seconds. Smooth continuous crane shot revealing the machine's staggering scale as it advances across the agricultural basin. Second 1: HUD — “STEP 1: MAP THE HARVEST.” Second 2: “STEP 2: DEPLOY MILLIONS OF TEETH.” Second 3: “STEP 3: CUT CONTINENTAL ROWS.” Second 4: “STEP 4: THRESH WITHOUT STOPPING.” Second 5: “STEP 5: ROUTE EVERY GRAIN.” Seconds 6-8: maximum close-up plunging toward a single tooth, revealing nested cutting blades, micro-threshers, grain separators and pneumatic channels working at extraordinary speed; smooth continuous camera motion, realistic debris, 16k cinematic detail.",,,,video,,8.0,en,ready,1,,2026-08-16 18:20:03.233302,2026-08-16 18:20:03.233302,3,Level 3 - MEGA-SCALE,8s_5_step_hud_popup,205
207,f192edb6-d989-4d3b-a346-0421392a3188,7,image_prompt,The Rice Comb Superstructure - Level 4 - TITANIC (Image),"5-Layer Open Montage — Subject: A mountain-scale harvesting comb whose thousands upon thousands of teeth function as autonomous agricultural factories, simultaneously cutting, threshing, sorting and transporting rice; Environment: entire agricultural regions beneath a vast metallic shadow, enormous paddies extending between rivers and mountain ranges; Architecture: colossal multi-tier trusses, suspended grain arteries, processing towers rising like skyscrapers, articulated legs and autonomous maintenance drones; Energy/Physics: visible hydraulic networks, electromagnetic drive systems, synchronized mechanical oscillations, enormous airflow and chaff turbulence, structural flex under gravitational loads; Cinematic Presentation: extreme low-angle IMAX-style perspective, cloud-scale machine silhouette, dramatic storm-lit sky, volumetric light beams, hyper-realistic materials, 16k.",,,,image,16:9,,en,ready,1,,2026-08-16 18:20:03.249307,2026-08-16 18:20:03.249307,4,Level 4 - TITANIC,5_layer_montage,
208,9bdf75b5-2136-4a1d-8eac-3ce63da4488d,7,video_prompt,The Rice Comb Superstructure - Level 4 - TITANIC (Video 8s),"Exactly 8 seconds. Continuous low-angle tracking shot racing beneath the gigantic machine while its teeth sweep overhead. Second 1: HUD — “STEP 1: ACTIVATE TITAN FRAME.” Second 2: “STEP 2: PRESSURIZE HYDRAULICS.” Second 3: “STEP 3: ENGAGE HARVEST WAVE.” Second 4: “STEP 4: SEPARATE GRAIN.” Second 5: “STEP 5: ASCEND THE GRAIN NETWORK.” Seconds 6-8: maximum close-up underneath a colossal tooth assembly, camera weaving between pistons, spinning threshers and grain streams as immense machinery passes overhead; smooth uninterrupted movement, powerful scale, realistic physics, cinematic 16k.",,,,video,,8.0,en,ready,1,,2026-08-16 18:20:03.264423,2026-08-16 18:20:03.264423,4,Level 4 - TITANIC,8s_5_step_hud_popup,207
209,9ae5d2e6-fa90-4dff-baa7-fb5ec349fa31,7,image_prompt,The Rice Comb Superstructure - Level 5 - PLANETARY (Image),"5-Layer Open Montage — Subject: A planetary agricultural harvesting comb stretching across multiple nations, its immense teeth harvesting interconnected rice-growing regions in synchronized waves; Environment: enormous rice belts surrounding lakes, rivers, deltas and cities, weather systems forming above the machine; Architecture: continental truss networks, airborne grain transfer lines, modular processing cities and gigantic mobile support pylons; Energy/Physics: electromagnetic propulsion, hydraulic power distribution, synchronized harvesting pulses, aerodynamic airflow around the structure, millions of kilograms of rice moving through transparent grain arteries; Cinematic Presentation: cinematic orbital panorama showing Earth's curvature, dramatic sunrise over the machine, cloud shadows, atmospheric scattering, hyper-detailed futuristic realism, 16k.",,,,image,16:9,,en,ready,1,,2026-08-16 18:20:03.280405,2026-08-16 18:20:03.280405,5,Level 5 - PLANETARY,5_layer_montage,
210,4afeb850-b3bd-452d-9ef1-9036008e3995,7,video_prompt,The Rice Comb Superstructure - Level 5 - PLANETARY (Video 8s),"Exactly 8 seconds. Smooth orbital camera motion descending toward the planetary Rice Comb as it advances across Earth's agricultural belt. Second 1: HUD — “STEP 1: PLANETARY SCAN.” Second 2: “STEP 2: CONTINENTAL ALIGNMENT.” Second 3: “STEP 3: GLOBAL HARVEST WAVE.” Second 4: “STEP 4: PLANETARY THRESHING.” Second 5: “STEP 5: ORBITAL GRAIN LOGISTICS.” Seconds 6-8: maximum close-up of a single tooth at impossible scale, with microscopic harvesting mechanisms visibly cutting and threshing individual rice stalks while planetary machinery moves behind it; continuous camera glide, no cuts, cinematic 16k.",,,,video,,8.0,en,ready,1,,2026-08-16 18:20:03.297418,2026-08-16 18:20:03.297418,5,Level 5 - PLANETARY,8s_5_step_hud_popup,209
211,b4629630-9ca0-4734-843d-9dd8aefd5089,7,image_prompt,The Rice Comb Superstructure - Level 6 - FUTURISTIC (Image),"5-Layer Open Montage — Subject: The Rice Comb evolves into a self-coordinating megastructure with millions of intelligent harvesting teeth, each tooth behaving like a miniature autonomous factory; Environment: futuristic rice megafarms spanning entire landscapes, bioluminescent irrigation networks, automated settlements and atmospheric drones; Architecture: adaptive metamaterial beams, glowing grain conduits, floating processing platforms, self-repairing joints and vertically stacked agricultural zones; Energy/Physics: programmable matter, electromagnetic propulsion, autonomous stabilization fields, synchronized energy pulses and controlled airflow separating grain from chaff; Cinematic Presentation: science-fiction mega-engineering aesthetic, blue-gold illumination, enormous depth, cinematic atmospheric haze, ultra-clean photorealism, 16k.",,,,image,16:9,,en,ready,1,,2026-08-16 18:20:03.308968,2026-08-16 18:20:03.308968,6,Level 6 - FUTURISTIC,5_layer_montage,
212,e6d8fed1-bc8b-4b1a-abcb-cd931bfa5733,7,video_prompt,The Rice Comb Superstructure - Level 6 - FUTURISTIC (Video 8s),"Exactly 8 seconds. Smooth continuous futuristic flythrough parallel to the advancing comb. Second 1: HUD — “STEP 1: WAKE THE NETWORK.” Second 2: “STEP 2: PREDICT EVERY STALK.” Second 3: “STEP 3: ADAPT EVERY TOOTH.” Second 4: “STEP 4: THRESH AT MICRO-SCALE.” Second 5: “STEP 5: SELF-OPTIMIZE HARVEST.” Seconds 6-8: maximum close-up of one adaptive tooth morphing its cutting geometry around rice stalks while microscopic threshers rearrange internally; glowing data pathways, grain particles in sharp focus, seamless motion, cinematic 16k.",,,,video,,8.0,en,ready,1,,2026-08-16 18:20:03.319971,2026-08-16 18:20:03.319971,6,Level 6 - FUTURISTIC,8s_5_step_hud_popup,211
213,022ff25c-d2a3-4ea3-bc5b-06c271f88a86,7,image_prompt,The Rice Comb Superstructure - Level 7 - MEGA-STRUCTURE (Image),"5-Layer Open Montage — Subject: A civilization-scale Rice Comb composed of colossal autonomous sections, each harvesting entire agricultural provinces simultaneously, with tooth clusters resembling mechanical forests; Environment: vast rice continents, artificial rivers, megacities and weather-control towers beneath the structure; Architecture: kilometer-high support pylons, layered super-trusses, suspended processing districts, orbital elevators and endless grain arteries; Energy/Physics: immense electromagnetic fields, controlled gravitational stabilization, synchronized mechanical waves, atmospheric turbulence and luminous energy conduits; Cinematic Presentation: epic science-fiction concept art rendered as photoreal cinema, extreme perspective, clouds wrapping around machinery, monumental light shafts, enormous sense of depth, 16k.",,,,image,16:9,,en,ready,1,,2026-08-16 18:20:03.330392,2026-08-16 18:20:03.330392,7,Level 7 - MEGA-STRUCTURE,5_layer_montage,
214,447fca93-d615-47f1-966c-a612887a4fad,7,video_prompt,The Rice Comb Superstructure - Level 7 - MEGA-STRUCTURE (Video 8s),"Exactly 8 seconds. Smooth continuous camera flight from beneath the megastructure toward its advancing tooth wall. Second 1: HUD — “STEP 1: DEPLOY MEGA-COMB.” Second 2: “STEP 2: STABILIZE GRAVITY.” Second 3: “STEP 3: SYNCHRONIZE TOOTH FOREST.” Second 4: “STEP 4: PROCESS THE HARVEST.” Second 5: “STEP 5: FEED THE MEGACITY.” Seconds 6-8: maximum close-up racing toward one enormous tooth, then slowing beside its exposed interior as miniature robotic threshers, electromagnetic separators and grain channels operate with astonishing precision; smooth continuous cinematic movement, 16k.",,,,video,,8.0,en,ready,1,,2026-08-16 18:20:03.341387,2026-08-16 18:20:03.341387,7,Level 7 - MEGA-STRUCTURE,8s_5_step_hud_popup,213
215,6c175ee4-626e-49e8-8554-1888eec0e652,7,image_prompt,The Rice Comb Superstructure - Level 8 - COSMIC (Image),"5-Layer Open Montage — Subject: The Rice Comb becomes a cosmic-scale agricultural machine whose harvesting teeth extend across an entire planetary agricultural hemisphere; Environment: curved Earth horizon, massive rice continents, orbital infrastructure, atmospheric cloud systems and glowing cities beneath the machine; Architecture: orbital-scale trusses, spaceborne grain elevators, planetary ring conveyors, gigantic articulated harvesting arms and floating processing stations; Energy/Physics: controlled gravitational fields, electromagnetic propulsion, orbital momentum, atmospheric pressure effects and luminous energy transfer through the superstructure; Cinematic Presentation: breathtaking orbital IMAX composition, Earth curvature dominating the frame, machine disappearing into space, cosmic sunlight, extreme atmospheric detail, photorealistic 16k.",,,,image,16:9,,en,ready,1,,2026-08-16 18:20:03.354423,2026-08-16 18:20:03.354423,8,Level 8 - COSMIC,5_layer_montage,
216,2f536631-0453-4ce9-be90-3b0a0027cd47,7,video_prompt,The Rice Comb Superstructure - Level 8 - COSMIC (Video 8s),"Exactly 8 seconds. Smooth continuous orbital descent toward the Rice Comb moving along Earth's curvature. Second 1: HUD — “STEP 1: LOCK PLANETARY ARC.” Second 2: “STEP 2: SYNCHRONIZE ORBITAL FRAME.” Second 3: “STEP 3: SWEEP THE HEMISPHERE.” Second 4: “STEP 4: THRESH IN VACUUM.” Second 5: “STEP 5: RETURN THE GRAIN.” Seconds 6-8: maximum close-up of a harvesting tooth transitioning between atmosphere and near-space, with rice grains traveling through sealed transparent channels while electromagnetic machinery spins around them; seamless cinematic movement, no cuts, spectacular scale, 16k.",,,,video,,8.0,en,ready,1,,2026-08-16 18:20:03.370421,2026-08-16 18:20:03.370421,8,Level 8 - COSMIC,8s_5_step_hud_popup,215
217,51027911-93b7-4b80-9437-933b2b6d9e39,7,image_prompt,The Rice Comb Superstructure - Level 9 - DIMENSIONAL (Image),"5-Layer Open Montage — Subject: A reality-bending Rice Comb Superstructure harvesting rice across multiple overlapping agricultural dimensions, with each tooth containing nested machines extending far beyond conventional geometry; Environment: endless rice landscapes layered over one another, alternate skies, impossible horizons and gigantic fields curving through space; Architecture: non-Euclidean trusses, recursive tooth assemblies, floating grain-processing chambers and structures intersecting without collision; Energy/Physics: localized gravity manipulation, dimensional energy vortices, impossible mechanical geometry, luminous particle streams and synchronized spatial distortions; Cinematic Presentation: surreal yet photorealistic cosmic engineering, impossible perspective, immense scale, glowing atmospheric layers, cinematic volumetric lighting, razor-sharp microdetail, 16k.",,,,image,16:9,,en,ready,1,,2026-08-16 18:20:03.386421,2026-08-16 18:20:03.386421,9,Level 9 - DIMENSIONAL,5_layer_montage,
218,2a7cbda0-c91f-4f7a-a860-6b1bfa645e54,7,video_prompt,The Rice Comb Superstructure - Level 9 - DIMENSIONAL (Video 8s),"Exactly 8 seconds. Smooth continuous camera movement through overlapping layers of the dimensional Rice Comb. Second 1: HUD — “STEP 1: OPEN HARVEST DIMENSION.” Second 2: “STEP 2: ALIGN PARALLEL FIELDS.” Second 3: “STEP 3: CUT ACROSS REALITY.” Second 4: “STEP 4: THRESH EVERY TIMELINE.” Second 5: “STEP 5: COLLAPSE THE GRAIN STREAM.” Seconds 6-8: maximum close-up entering one tooth whose interior contains recursively smaller threshing machines, each processing rice while space bends around the mechanism; grains float through warped gravity, luminous energy arcs around metal surfaces, seamless motion, extreme cinematic detail, 16k.",,,,video,,8.0,en,ready,1,,2026-08-16 18:20:03.401956,2026-08-16 18:20:03.401956,9,Level 9 - DIMENSIONAL,8s_5_step_hud_popup,217
219,fc96b3ab-3fea-4e54-b6b8-fc193b67ca3c,7,image_prompt,The Rice Comb Superstructure - Level 10 - ALIEN LEVEL / MAXIMUM (Image),"5-Layer Open Montage — Subject: An incomprehensibly gigantic alien Rice Comb Superstructure, no longer merely a machine but a continent-sized biomechanical harvesting intelligence, with trillions of microscopic and colossal teeth harvesting every rice ecosystem simultaneously; Environment: Earth transformed into an endless geometric rice lattice, oceans threaded with agricultural platforms, continents beneath a living mechanical canopy, alien moons and structures visible beyond the atmosphere; Architecture: planet-wrapping biomechanical arches, impossible fractal tooth forests, orbital grain rings, living-metal processing citadels and structures extending beyond the horizon into space; Energy/Physics: artificial gravity wells, quantum-scale harvesting fields, plasma-like energy conduits, gravitational waves, controlled atmospheric vortices and streams of rice moving through glowing planetary arteries; Cinematic Presentation: maximum-scale alien megastructure spectacle, camera positioned beyond the atmosphere looking across the curved planet, impossible depth, cosmic illumination, monumental shadows, biomechanical-metal textures, hyper-photorealistic, ultra-detailed, cinematic 16k.",,,,image,16:9,,en,ready,1,,2026-08-16 18:20:03.416836,2026-08-16 18:20:03.416836,10,Level 10 - ALIEN LEVEL / MAXIMUM,5_layer_montage,
220,19aa1c9c-28c8-46f4-9885-3d0e48d45677,7,video_prompt,The Rice Comb Superstructure - Level 10 - ALIEN LEVEL / MAXIMUM (Video 8s),"Exactly 8 seconds. Smooth continuous cinematic descent from planetary scale toward one alien harvesting tooth, with no cuts and uninterrupted forward motion. Second 1: HUD — “STEP 1: AWAKEN THE HARVESTER.” Second 2: “STEP 2: SYNCHRONIZE THE PLANET.” Second 3: “STEP 3: DEPLOY FRACTAL TEETH.” Second 4: “STEP 4: THRESH MATTER ITSELF.” Second 5: “STEP 5: COMPLETE THE HARVEST.” Seconds 6-8: maximum close-up, camera plunges into a single impossible alien tooth where countless nested micro-threshers harvest individual rice grains, biomechanical surfaces pulse with energy, gravity bends the grain trajectories, luminous particles spiral through the machinery, colossal planetary structures move in the background; perfectly smooth continuous motion, no cuts, extreme macro detail combined with impossible scale, cinematic photorealism, maximum 16k visual intensity.",,,,video,,8.0,en,ready,1,,2026-08-16 18:20:03.428834,2026-08-16 18:20:03.428834,10,Level 10 - ALIEN LEVEL / MAXIMUM,8s_5_step_hud_popup,219
221,8d9cfd3c-5925-42bd-9823-d69a196145f3,8,image_prompt,Paddy-Gulping Harvest Worm - Level 1 - BASIC (Image),"5-Layer Open Montage: SUBJECT: A colossal segmented agricultural crawler, the “Paddy-Gulping Harvest Worm,” moving along the boundary of a green rice field, with several flexible harvesting trunks reaching gently into ripe golden paddy. ENVIRONMENT: Peaceful rural rice paddies, muddy embankments, farmers watching from a safe distance, distant trees and blue sky. ARCHITECTURE: Practical farm machinery integrated into the worm's armored segmented body, visible grain bins, maintenance hatches, hydraulic joints and compact harvesting mechanisms. ENERGY/PHYSICS: Realistic hydraulics, articulated mechanical motion, dust and rice chaff drifting naturally, subtle vibration, believable weight and ground compression. CINEMATIC PRESENTATION: Epic wide-angle open montage, low aerial perspective, photorealistic industrial design, dramatic golden-hour lighting, atmospheric depth, extremely detailed materials, cinematic composition, 16K, ultra-sharp, realistic scale.",,,,image,16:9,,en,ready,1,,2026-08-16 18:23:25.278115,2026-08-16 18:23:25.278115,1,Level 1 - BASIC,5_layer_montage,
222,163bbc0d-8121-4158-b6ed-0736f2cbdaa0,8,video_prompt,Paddy-Gulping Harvest Worm - Level 1 - BASIC (Video 8s),8s cinematic video of Paddy-Gulping Harvest Worm,,,,video,,8.0,en,ready,1,,2026-08-16 18:23:25.302163,2026-08-16 18:23:25.303165,1,Level 1 - BASIC,8s_5_step_hud_popup,221
223,463772a4-d6f4-4174-b3c9-476739ac60aa,8,image_prompt,Paddy-Gulping Harvest Worm - Level 2 - HEAVY AGRICULTURAL MACHINE (Image),"5-Layer Open Montage: SUBJECT: A much larger Paddy-Gulping Harvest Worm with dozens of armored segments, six enormous harvesting trunks sweeping across multiple rice rows simultaneously. ENVIRONMENT: Vast mature rice fields stretching toward the horizon, harvested strips contrasting with untouched golden crops, workers and tractors appearing tiny beside the machine. ARCHITECTURE: Heavy-duty segmented chassis, reinforced steel armor, visible conveyor galleries, grain-cleaning chambers, service ladders and modular storage compartments. ENERGY/PHYSICS: Powerful hydraulic pistons flexing each segment, heavy tracks compressing muddy embankments, clouds of chaff and dust generated by simultaneous harvesting. CINEMATIC PRESENTATION: Monumental low-angle agricultural-industrial photography, broad open montage, sunrise backlight, volumetric mist, realistic metal wear, cinematic depth of field, photorealism, 16K.",,,,image,16:9,,en,ready,1,,2026-08-16 18:23:25.313686,2026-08-16 18:23:25.313686,2,Level 2 - HEAVY AGRICULTURAL MACHINE,5_layer_montage,
224,e41ee2ff-455f-4c3e-a6c5-d51813a7159a,8,video_prompt,Paddy-Gulping Harvest Worm - Level 2 - HEAVY AGRICULTURAL MACHINE (Video 8s),8s cinematic video of Paddy-Gulping Harvest Worm,,,,video,,8.0,en,ready,1,,2026-08-16 18:23:25.327976,2026-08-16 18:23:25.327976,2,Level 2 - HEAVY AGRICULTURAL MACHINE,8s_5_step_hud_popup,223
225,db41062d-d2ce-4d12-a213-16f98a93e9f6,8,image_prompt,Paddy-Gulping Harvest Worm - Level 3 - COLOSSAL (Image),"5-Layer Open Montage: SUBJECT: A city-block-scale segmented harvesting worm spanning the edge of an enormous rice-growing region, its armored body containing dozens of independently operating grain-storage modules and harvesting trunks hundreds of meters long. ENVIRONMENT: Endless Southeast Asian rice plains, irrigation channels, tiny villages, distant hills and countless hectares of ripe paddy. ARCHITECTURE: Industrial megamachine construction, enormous articulated rings, elevated grain elevators, armored hatches, maintenance platforms, harvesting drums and internal processing towers. ENERGY/PHYSICS: Massive hydraulic forces, realistic structural flexing, mud displacement, crop turbulence and airborne chaff clouds surrounding the machine. CINEMATIC PRESENTATION: Extreme aerial establishing montage emphasizing impossible scale, tiny humans for scale, cinematic sunrise, atmospheric haze, volumetric light, hyper-detailed industrial surfaces, 16K photorealism.",,,,image,16:9,,en,ready,1,,2026-08-16 18:23:25.343435,2026-08-16 18:23:25.343435,3,Level 3 - COLOSSAL,5_layer_montage,
226,91477e54-ac46-4c11-9817-455e8f8018b0,8,video_prompt,Paddy-Gulping Harvest Worm - Level 3 - COLOSSAL (Video 8s),8s cinematic video of Paddy-Gulping Harvest Worm,,,,video,,8.0,en,ready,1,,2026-08-16 18:23:25.358744,2026-08-16 18:23:25.358744,3,Level 3 - COLOSSAL,8s_5_step_hud_popup,225
227,771db00f-1295-4472-9870-c44f761a00b7,8,image_prompt,Paddy-Gulping Harvest Worm - Level 4 - INDUSTRIAL TITAN (Image),"5-Layer Open Montage: SUBJECT: A gigantic multi-segment harvesting titan resembling a mechanical earthworm, with hundreds of flexible trunks branching from its sides like industrial tentacles. ENVIRONMENT: A continent-scale agricultural landscape, geometric rice paddies, irrigation reservoirs, villages and tiny roads dwarfed by the machine. ARCHITECTURE: Towering armored segments, rotating processing drums, grain silos embedded inside the body, illuminated inspection windows, heavy structural ribs and enormous articulated joints. ENERGY/PHYSICS: Hundreds of hydraulic actuators moving in synchronized waves, massive crop displacement, swirling chaff vortices, realistic structural stress and gravitational weight. CINEMATIC PRESENTATION: Grand science-fiction industrial spectacle while retaining plausible agricultural engineering, sweeping aerial composition, stormy golden clouds, dramatic rim lighting, atmospheric perspective, 16K cinematic realism.",,,,image,16:9,,en,ready,1,,2026-08-16 18:23:25.374033,2026-08-16 18:23:25.374033,4,Level 4 - INDUSTRIAL TITAN,5_layer_montage,
228,6735d6b4-461b-4829-a2bf-6640466a1c86,8,video_prompt,Paddy-Gulping Harvest Worm - Level 4 - INDUSTRIAL TITAN (Video 8s),8s cinematic video of Paddy-Gulping Harvest Worm,,,,video,,8.0,en,ready,1,,2026-08-16 18:23:25.388032,2026-08-16 18:23:25.389033,4,Level 4 - INDUSTRIAL TITAN,8s_5_step_hud_popup,227
229,91202f1b-292a-4639-8e8f-17bbc8c03419,8,image_prompt,Paddy-Gulping Harvest Worm - Level 5 - MEGASTRUCTURE (Image),"5-Layer Open Montage: SUBJECT: A kilometer-long Paddy-Gulping Harvest Worm forming a moving agricultural megastructure, with colossal segmented armor plates and harvesting trunks extending across entire fields. ENVIRONMENT: Vast rice-growing basin with rivers, settlements, roads, irrigation networks and mountains fading into atmospheric distance. ARCHITECTURE: Each body segment functions as a specialized agricultural district containing cutters, separators, dryers, elevators, grain vaults and autonomous maintenance systems. ENERGY/PHYSICS: Continuous mechanical wave motion travels through the body, enormous material flows through transparent industrial conduits, crop movement creates synchronized waves, dust and chaff form atmospheric layers. CINEMATIC PRESENTATION: Epic aerial megastructure visualization, enormous scale contrast, futuristic but agriculturally functional design, cinematic cloud shadows, golden highlights, deep atmospheric perspective, hyperreal 16K.",,,,image,16:9,,en,ready,1,,2026-08-16 18:23:25.406841,2026-08-16 18:23:25.406841,5,Level 5 - MEGASTRUCTURE,5_layer_montage,
230,df69415c-f637-4a36-b620-419f4ef8d74c,8,video_prompt,Paddy-Gulping Harvest Worm - Level 5 - MEGASTRUCTURE (Video 8s),8s cinematic video of Paddy-Gulping Harvest Worm,,,,video,,8.0,en,ready,1,,2026-08-16 18:23:25.417845,2026-08-16 18:23:25.417845,5,Level 5 - MEGASTRUCTURE,8s_5_step_hud_popup,229
231,250d4822-8e63-46aa-aac8-10c23758a552,8,image_prompt,Paddy-Gulping Harvest Worm - Level 6 - PLANETARY HARVESTER (Image),"5-Layer Open Montage: SUBJECT: A planet-scale segmented agricultural crawler circling an immense rice-growing region, its armored body resembling a moving mechanical continent with harvesting trunks spanning valleys. ENVIRONMENT: Vast planetary rice plains, river deltas, mountain ranges, weather systems and countless agricultural zones. ARCHITECTURE: Gigantic modular body segments containing autonomous processing ecosystems, enormous grain reservoirs, vertical elevators, energy cores and self-repairing agricultural machinery. ENERGY/PHYSICS: Atmospheric turbulence around the moving machine, synchronized hydraulic movement across kilometers of structure, crop waves, dust plumes and gravitationally believable terrain deformation. CINEMATIC PRESENTATION: Planetary-scale cinematic montage, high-altitude orbital perspective transitioning visually toward the machine, dramatic cloud illumination, monumental realism, extremely intricate machinery, 16K.",,,,image,16:9,,en,ready,1,,2026-08-16 18:23:25.428843,2026-08-16 18:23:25.428843,6,Level 6 - PLANETARY HARVESTER,5_layer_montage,
232,55f7f06c-9226-4397-88a3-368fb50b3282,8,video_prompt,Paddy-Gulping Harvest Worm - Level 6 - PLANETARY HARVESTER (Video 8s),8s cinematic video of Paddy-Gulping Harvest Worm,,,,video,,8.0,en,ready,1,,2026-08-16 18:23:25.441491,2026-08-16 18:23:25.441491,6,Level 6 - PLANETARY HARVESTER,8s_5_step_hud_popup,231
233,0cf675cb-5c42-4ffe-b963-f2fdc0c3153c,8,image_prompt,Paddy-Gulping Harvest Worm - Level 7 - BIO-MECHANICAL (Image),"5-Layer Open Montage: SUBJECT: An immense biomechanical Paddy-Gulping Harvest Worm, its segmented exterior combining armored agricultural machinery with subtle organic-inspired forms, dozens of flexible trunks moving with coordinated intelligence. ENVIRONMENT: Luminous rice terraces beneath a dramatic tropical sky, glowing irrigation channels, misty fields and distant mountains. ARCHITECTURE: Ribbed metallic segments, semi-organic processing chambers, translucent grain reservoirs, articulated harvesting tendrils and cathedral-sized internal machinery. ENERGY/PHYSICS: Pulsing energy conduits, fluid-like hydraulic motion, synchronized segment contractions, realistic crop turbulence, glowing grain particles and atmospheric energy haze. CINEMATIC PRESENTATION: High-end biomechanical science-fiction cinema, surreal but physically convincing, dramatic volumetric lighting, macro-to-mega scale contrast, intricate textures, cinematic depth, 16K.",,,,image,16:9,,en,ready,1,,2026-08-16 18:23:25.452487,2026-08-16 18:23:25.452487,7,Level 7 - BIO-MECHANICAL,5_layer_montage,
234,4f25a34c-07d5-425d-b4fe-e7a6b3d593f2,8,video_prompt,Paddy-Gulping Harvest Worm - Level 7 - BIO-MECHANICAL (Video 8s),8s cinematic video of Paddy-Gulping Harvest Worm,,,,video,,8.0,en,ready,1,,2026-08-16 18:23:25.466485,2026-08-16 18:23:25.466485,7,Level 7 - BIO-MECHANICAL,8s_5_step_hud_popup,233
235,d6b9a675-5e68-4a0a-bf0c-b546c517002f,8,image_prompt,Paddy-Gulping Harvest Worm - Level 8 - DIMENSIONAL (Image),"5-Layer Open Montage: SUBJECT: A reality-bending Paddy-Gulping Harvest Worm whose segmented body stretches impossibly across multiple rice fields, with harvesting trunks branching through spatial folds. ENVIRONMENT: Vast rice landscapes layered with impossible horizons, floating irrigation channels, mirrored fields and distant geometric storms. ARCHITECTURE: Massive armored segments containing non-Euclidean grain vaults, rotating processing rings, portal-like conveyor mouths and impossible interior spaces. ENERGY/PHYSICS: Spatial distortion around trunks, gravitational ripples, glowing grain trajectories, localized time-bending effects, yet believable contact between machine and rice plants. CINEMATIC PRESENTATION: Maximum surreal cinematic agriculture, monumental open montage, reality-warping perspective, luminous atmosphere, deep blacks and golds, ultra-detailed mechanical surfaces, photorealistic science-fiction, 16K.",,,,image,16:9,,en,ready,1,,2026-08-16 18:23:25.483763,2026-08-16 18:23:25.483763,8,Level 8 - DIMENSIONAL,5_layer_montage,
236,c576f08f-fcdd-4b38-9d8f-25df4d05a2ea,8,video_prompt,Paddy-Gulping Harvest Worm - Level 8 - DIMENSIONAL (Video 8s),8s cinematic video of Paddy-Gulping Harvest Worm,,,,video,,8.0,en,ready,1,,2026-08-16 18:23:25.502433,2026-08-16 18:23:25.502433,8,Level 8 - DIMENSIONAL,8s_5_step_hud_popup,235
237,89813128-7621-45e8-bafa-3bb45449ef29,8,image_prompt,Paddy-Gulping Harvest Worm - Level 9 - COSMIC (Image),"5-Layer Open Montage: SUBJECT: A cosmic-scale Paddy-Gulping Harvest Worm larger than mountain ranges, its endless armored segments harvesting rice across vast planetary agricultural continents. ENVIRONMENT: A surreal planetary rice world beneath enormous auroras, multiple moons, cloud oceans and glowing agricultural regions stretching to the horizon. ARCHITECTURE: Monumental segmented megastructures, continent-sized grain reservoirs, stellar-looking processing cores, colossal harvesting tendrils and geometric armor plates. ENERGY/PHYSICS: Gravity-defying but visually coherent mechanical motion, atmospheric shockwaves, luminous energy circulation, immense grain streams, crop waves and orbital debris subtly responding to the machine. CINEMATIC PRESENTATION: Cosmic industrial epic, enormous scale, IMAX-style composition, orbital lighting, cinematic nebula colors, extreme atmospheric depth, hyperreal materials, spectacular 16K detail.",,,,image,16:9,,en,ready,1,,2026-08-16 18:23:25.518430,2026-08-16 18:23:25.518430,9,Level 9 - COSMIC,5_layer_montage,
238,c09ffa9c-3bc5-469b-b374-25a0d73a725d,8,video_prompt,Paddy-Gulping Harvest Worm - Level 9 - COSMIC (Video 8s),8s cinematic video of Paddy-Gulping Harvest Worm,,,,video,,8.0,en,ready,1,,2026-08-16 18:23:25.533428,2026-08-16 18:23:25.533428,9,Level 9 - COSMIC,8s_5_step_hud_popup,237
239,1aa3b50b-ee8c-4796-9d70-1e7cfe7a0dbd,8,image_prompt,Paddy-Gulping Harvest Worm - Level 10 - ALIEN LEVEL / MAXIMUM (Image),"5-Layer Open Montage: SUBJECT: An incomprehensibly colossal alien Paddy-Gulping Harvest Worm, a planet-spanning segmented entity-machine with endless armored rings, thousands of flexible harvesting trunks and a vast central body that appears to consume entire agricultural landscapes. ENVIRONMENT: An alien rice world filled with luminous paddy oceans, impossible terraced continents, floating clouds, giant moons, crystalline mountains and atmospheric auroras. ARCHITECTURE: Hyper-advanced biomechanical megastructure, recursive segmented armor, infinite grain vaults, living-looking harvesting trunks, rotating megastructural rings, dimensional processing chambers and colossal armored compartments nested inside one another. ENERGY/PHYSICS: Reality-scale energy fields, gravitational waves, spatial folding, synchronized machine-organic motion, rivers of glowing grain, atmospheric distortion and physically coherent interactions between the colossal entity and terrain. CINEMATIC PRESENTATION: Ultimate alien agricultural megastructure spectacle, overwhelming scale, surreal cosmic realism, monumental wide-open montage, impossible perspective, dramatic volumetric light, gold-green bioluminescence, intricate micro-detail, photorealistic textures, cinematic masterpiece, 16K ultra-high definition, maximum visual complexity.",,,,image,16:9,,en,ready,1,,2026-08-16 18:23:25.545429,2026-08-16 18:23:25.545429,10,Level 10 - ALIEN LEVEL / MAXIMUM,5_layer_montage,
240,5ed7bee2-4000-46cb-9b38-f0b7d179b7cd,8,video_prompt,Paddy-Gulping Harvest Worm - Level 10 - ALIEN LEVEL / MAXIMUM (Video 8s),8s cinematic video of Paddy-Gulping Harvest Worm,,,,video,,8.0,en,ready,1,,2026-08-16 18:23:25.557429,2026-08-16 18:23:25.557429,10,Level 10 - ALIEN LEVEL / MAXIMUM,8s_5_step_hud_popup,239
